ID,TARGET
84999343,0
1150598511,0
470042120,0
3377446793,0
1148937275,0
4378364900,0
335640049,0
511495729,0
1153096162,0
633924078,0
8409511725,0
5115412912,0
1025177425,0
817140669,0
1125156427,0
1153418203,0
1144520969,0
7393841072,0
75091416,0
3387086273,0
379931921,0
753306542,0
489187197,0
3151473983,0
733904533,0
1145450848,0
382323669,0
810548990,0
456720114,0
4105740849,0
1132798140,0
1148431142,0
76451880,0
3151620541,0
1073173448,0
638267621,0
67063695,0
643585949,0
1048394331,0
8425810256,0
86604975,0
510757582,0
712177823,0
438110053,0
642966140,0
1143427514,0
1153489392,0
1440400947,0
822569290,0
817244385,0
1047445115,0
1045235598,0
1154260198,0
580680359,0
525786835,0
491691642,0
810561705,0
1154298623,0
1034798151,0
562182692,0
84321456,0
1154069712,0
565120368,0
570890729,0
124134645,0
823856573,0
1150528763,0
521773191,0
1154069871,0
610147932,0
1390447562,0
374588102,0
514954653,0
434896558,0
65229370,0
5120178343,2
617754365,0
633450647,0
729759894,0
345324728,0
563323777,0
334208794,0
1153619243,0
564107418,0
1039485153,0
1134678474,0
730788237,0
1036298508,0
371809569,0
521403053,0
7383191155,0
564272864,0
310678158,0
736282427,0
753438840,0
742223345,0
392639111,0
1148995339,2
427568602,0
3106879903,0
7388714443,0
578568261,0
118418989,0
87823456,0
573959758,0
1020302375,0
1149413266,0
830042858,0
1381567321,0
5413385158,0
1129629258,0
1153824220,0
398068634,0
1153269797,0
527528663,0
1035544771,0
374744469,0
1154424002,0
3116573034,0
157341102,2
825530301,0
365808336,0
561972357,0
1154076401,0
1149442531,0
1028400661,2
4386490966,0
645183078,0
643105102,0
1153817451,0
712766870,0
1385835197,0
1149683821,0
712437259,0
759873224,0
816344087,0
633454977,0
638336816,0
335467881,0
564322652,0
65649422,0
8439091709,0
371831904,0
634949491,0
1149849108,0
579044463,0
1146978278,0
10392709822,0
511456146,0
1152405113,0
1143523453,0
1151059035,0
746207911,0
517185021,0
3151457003,0
474061361,0
4300070959,0
324497105,0
565307422,0
10219638337,0
712486796,0
74832877,0
580888155,0
433678326,0
633852905,0
635882483,0
3104418050,0
1153501034,0
447520610,0
4298767128,0
8398786410,0
1137230675,0
740174447,0
1022268962,0
721816026,0
5113435941,0
3410224872,0
84806063,2
529956286,0
1418946054,0
1152493117,0
722324663,0
1051874098,0
632841356,0
1144522991,0
1150727711,0
1399856316,0
7399757360,0
431936459,0
4381266426,0
468900380,0
1152874586,0
1137277064,0
414169114,0
5297034256,0
8430388536,0
435908918,0
582657835,0
1010814811,0
755030606,0
643854584,0
760167771,2
46631901,0
105792794,0
86416340,0
142919019,0
1153645402,0
618801120,0
1130570968,0
633536100,0
10438918836,0
7220421496,0
77985968,0
733770156,0
3112707851,0
361048876,0
642042629,0
430100088,0
5118156984,0
1402597275,0
86523753,0
715968432,0
561656375,0
3403855250,0
5384931445,0
366970805,0
562038195,0
4379718579,0
454192338,0
1132807398,0
640584899,0
1033589833,2
3104439387,0
435563628,0
59144491,0
1154312041,0
1150428135,0
751215042,0
88708092,0
636419686,0
1146841224,0
10220612621,0
3151547177,0
1133755244,0
1035790505,0
84572845,0
810372727,0
8219806567,0
1152446205,0
464613087,0
633654931,0
4418774093,0
1053242872,0
1067948348,0
438286051,0
628400413,0
6413270775,0
57333388,0
1053358656,0
1130641354,0
1050087452,0
434753393,0
829142800,0
435099862,0
5124392151,0
744984831,0
571020109,0
430628701,0
10151885682,0
86586569,0
1149386202,0
3381514367,0
3152209522,0
3115938608,0
1152601052,0
8440459538,0
514135837,0
814094543,0
469994907,0
738882107,0
610858125,0
10414561071,0
564381843,0
1153019769,0
1152308859,0
569655240,0
810500372,0
5102016854,0
1136410467,0
416863326,0
750048085,0
447507178,0
323395447,0
435497649,0
1148160467,0
113468998,0
334524848,0
1391815926,0
738424875,0
8411335947,0
1411622692,0
4438016881,0
360033963,0
1149186509,0
435656298,0
58935639,0
6434998341,0
1153770941,0
85065842,0
743094717,0
56554435,0
85422066,0
467950261,0
810101594,0
1027783802,0
1384894606,0
1138701865,0
118073465,0
511273861,0
337460263,0
1149829768,0
817297793,0
1153665517,0
8414381673,0
5417423489,0
823156726,0
84697830,0
84582631,0
1153867550,0
1149293198,0
1137697944,0
5112969961,0
1063800442,0
1407133752,0
6165053191,0
1031937858,0
739572676,0
645528364,0
817410775,0
434996524,0
719684963,0
454522314,0
1021020497,0
752992536,0
3152249045,0
120443176,0
1153609622,0
1145424693,2
10105446901,0
1149085538,0
5113593199,0
1134675447,0
457946833,2
613653788,0
3405166588,0
561931594,0
7388178991,0
566124264,0
1153677883,0
741665755,0
120837075,0
738753849,0
810240455,2
739571700,0
84434532,0
89399344,0
572027058,0
5123789899,0
10391663789,0
614855942,0
461302711,0
628408190,0
1034847562,0
1151075312,0
1298268140,0
87918242,0
1148683491,0
437887739,0
1126431340,0
334215330,0
632093816,0
114010681,0
76751359,0
10213615632,0
1394393215,0
635034753,0
1298338520,0
449867672,0
1153101123,0
630437641,0
1149701734,0
1149971184,0
732977569,0
1134847207,0
563096599,0
1152774368,0
460888183,0
1037407661,0
439427631,0
85940453,0
1137349077,0
10424733870,0
397713782,0
85867170,0
55000786,0
5113684337,0
109191274,0
831035230,0
1135106548,0
633380638,0
5105597423,0
3151492104,0
439558442,0
1141313840,0
1013564596,0
1017304459,0
5421092299,0
638387961,0
1127573762,0
611672518,0
737206651,0
1128044545,0
438115147,0
335189380,0
1034545054,0
1153936301,0
1154416180,0
1154247896,0
712800776,0
57857304,0
522482320,0
5400729211,0
571016264,0
1152511910,0
1149294295,0
1151367419,0
8392373206,0
1148580314,0
7432083745,0
644442310,0
1142848113,0
334586686,0
84259993,0
1025103752,0
3388926154,0
4433346368,0
15949426,0
648998145,0
1018258521,0
418447789,0
1153963358,0
395230338,0
7395367673,0
363806884,0
5407450281,0
1297486297,0
564474773,0
1154427976,0
1145842548,0
1146510536,0
5436989405,0
460892106,0
8388784529,0
810806902,0
1153829014,0
16609843,0
631749235,0
1038098952,0
449675752,0
637843196,0
1152690420,0
450256753,0
524682137,0
1153008007,2
590686026,0
1153905944,0
132495385,0
7394264563,0
1023888906,0
85935739,0
10163983834,0
648230809,0
432428383,0
755273362,0
1048356339,2
570749178,0
1150441520,0
85249839,0
613262604,0
1150940668,0
6404550751,0
1046175849,0
436076805,0
1149460382,0
7165272942,0
6405058690,0
78518338,0
6429517272,0
638371144,0
87658815,0
55014915,0
49242536,0
611984039,0
448464144,0
3151500643,0
565013955,0
712466211,0
438510122,0
1150550942,0
109456962,0
813301761,0
1154000043,0
1154052205,0
824639950,0
637610557,0
66578145,0
1153681452,0
757429919,2
1153908861,0
439665018,0
729770460,0
448592660,0
389730692,0
1150351989,0
384493509,0
1033996641,0
87271235,0
752481491,0
87014021,0
5394669721,0
1154024335,0
733643371,0
447388891,0
751203019,0
465663582,0
1378110609,0
823307420,0
1146657540,0
1414247390,0
1429778714,0
1152868508,0
4388091612,0
3104597438,0
497527311,0
435236317,0
754812887,0
4154642022,0
1154244055,0
433627654,0
432773329,0
1093157812,0
1035619891,0
1127012789,0
1143018001,0
530622089,0
332500543,0
815435023,0
7387953580,0
87128338,0
86155176,0
1419636650,0
755301007,0
1153160410,0
1152304858,0
333838599,0
721247857,0
477491749,0
466449309,0
1391833639,0
7384237549,0
451331477,0
89189002,0
84433043,0
1153812953,2
433336198,0
3165925651,0
1434647811,0
513335331,0
368047386,0
611677700,0
384307381,0
431927343,0
634945081,0
5124149384,0
1029655330,0
1153184857,0
450710528,0
435399914,0
5429045522,0
332898467,2
4219778483,0
1152623796,0
8412997241,0
65840468,0
86999830,0
46615685,0
738321432,0
757906001,0
57361184,0
1040869955,0
123753823,0
1085654928,0
333917213,0
68086042,0
1399835912,2
3427177561,0
641312890,0
648842483,0
86648223,0
361477157,0
645804048,0
1152852261,0
612562386,0
734938223,0
88692035,0
719650216,0
596153168,0
1154022005,0
467649026,0
1037761370,2
327345501,0
1043236835,0
528170253,0
1030598609,0
86537886,0
1154388966,0
521022036,0
1154391247,0
527896874,0
1036500222,0
620327557,2
338148716,0
336203149,0
5422622423,0
7418945126,0
3114643148,0
334117309,0
467768347,0
812732126,0
642559138,0
1382030520,0
84319358,0
344942655,0
644842364,0
3151634739,0
732305654,0
1151314611,0
1153144929,0
67306176,0
1136037328,2
84692004,0
628937540,0
513618814,0
639631435,0
566276910,0
10142272630,0
3151686756,0
564022230,0
1435611115,0
8414567491,0
109939905,0
18461785,0
747125389,0
632917666,0
819769217,0
1152286617,0
634894132,0
10404227425,2
1050271361,0
1054997574,0
10406064351,0
75118919,0
345705091,0
739445924,0
1403138747,0
123027551,0
10101929199,2
4428314073,0
3393024318,0
432126187,0
1073389635,0
639744793,0
345851314,0
1020386851,0
1151358395,0
1045636455,0
647295972,0
1152969136,0
10396890422,2
1140717324,0
88040412,0
6379075899,0
822212607,0
569714326,0
78471113,0
1377270243,0
822223397,0
380004116,0
622533677,0
1017244284,0
334373974,0
1153060588,0
365847463,0
517505573,0
6378559087,0
1153907508,0
78226322,0
6402431243,0
648017602,0
86524534,0
1149356233,0
47900982,0
1036553042,0
1039028269,0
84431987,0
3422863969,0
1383426666,0
108437418,0
1020427338,0
619798483,0
1153928174,0
332901852,0
819068195,0
1019722224,0
734774198,0
1129434739,0
1152379799,0
120847071,2
735832222,0
810257003,0
5120361490,0
436256391,0
3112756895,0
1146473115,0
419472699,0
451804623,0
610362868,0
334854775,0
8432753096,0
85694428,0
1048353249,0
1146164552,0
334109899,0
123760875,0
444622695,0
631903239,0
750839503,0
85250809,0
58734429,0
345336952,0
3151619105,0
346041143,0
345981491,0
494331380,0
68086083,0
86644576,0
321208644,0
457954803,0
1152935313,0
739445197,0
1146306000,0
750152147,0
1152505251,0
648451210,0
632593942,0
1154246171,0
6437879027,0
822578348,0
574822525,0
444971298,0
831669697,0
755531148,0
1153844923,0
1153953837,0
365803745,0
1153256374,0
733772619,0
3112165820,0
417957146,0
1035710265,0
1148280553,0
822640880,0
335411475,0
759575432,0
5111255871,0
1153101236,0
366972670,0
633234302,0
572021399,0
826705372,0
1147380870,0
1130637822,0
481360225,0
1386784400,2
335915082,0
49241637,0
10379022103,0
476078462,0
1134492523,0
3113984152,0
461271018,0
629426608,0
1153400408,0
345698398,0
55313754,0
363863933,0
345334006,0
624744377,0
831048948,0
436684735,0
623064204,0
648790319,0
3420991201,0
3151849308,0
610148356,0
7298086206,0
566069346,0
474113464,0
518612302,0
1152976044,0
85190514,0
75618063,0
464621295,0
830032091,0
334690500,0
715968953,0
38329495,0
585351915,0
811570337,0
1149076567,0
8426738225,0
120847533,0
141374317,0
414993965,0
1090637724,2
418986959,0
15532725,0
1048460489,2
446150313,0
645022166,0
84918720,0
3151537855,0
434577678,0
3377457382,0
5124474079,0
333573117,0
1011122345,0
810184213,0
1031293978,0
1143536540,0
636556973,0
10151677273,0
610367272,0
360060815,0
440533121,0
10151757085,0
812233085,0
751850533,0
576639083,0
3116650950,0
311191215,0
336724561,0
431924582,0
1152290386,0
3151604539,0
568848178,0
1146228446,0
109587798,0
636468104,0
10299389477,0
561633489,0
5120976230,0
1145299298,0
1035048351,0
1153244372,0
335919811,0
461260361,0
1036476193,0
461174228,0
7388345783,0
435553662,0
729780464,0
87091856,0
1145857399,0
166766980,0
1164842130,0
713538854,0
8412591457,0
515210665,0
345139076,0
3432949286,0
587345173,0
1064082715,0
5119537853,0
610153162,0
336507296,0
1150438394,0
1071857513,0
1154118243,0
645938062,0
1038759877,0
4434489203,0
3110593816,0
1146566704,0
3151791608,0
824214421,0
631761489,0
829654969,0
719672068,0
463685597,0
1146567235,0
1055523283,0
7425986474,0
1154096171,0
89109030,0
633530090,0
726150603,0
1058379221,2
614856032,0
1035790442,0
4103154330,0
635709073,0
363821052,0
596299936,0
437568203,0
75345693,0
632161360,0
432187751,0
432931997,0
85425727,0
1417575210,0
712214779,0
1153438988,0
5121017385,0
1149926923,0
452115770,0
1401933397,0
646766686,0
1047794940,0
123748380,0
7393837068,0
452657212,0
3152075758,0
6378516206,0
3114014726,0
4103398520,0
486590699,0
1152496736,0
447662650,0
1032148257,0
1133340638,0
825492916,0
1153948633,0
1143694996,0
75111152,0
1154182636,0
66570908,0
1064905740,0
1046694040,0
7296565333,0
634392507,0
1152785708,0
1141388805,0
1153490751,0
1012819429,0
1047247133,0
1144600963,0
87145867,0
1154133027,0
58049198,0
593832640,0
1144894994,0
1148562234,0
1036855771,0
1135082085,0
1149830670,0
450663658,0
814356077,0
739331110,0
87786761,0
3151895797,0
725099512,0
1152281374,0
1050157879,0
731840988,0
814861485,0
1136833601,0
1152894641,0
1137093984,0
437986478,0
757614637,0
1145386787,0
810075506,0
5124285611,0
751023203,0
830731939,0
3427943777,0
3151867258,0
1035930165,0
66329197,0
338152210,0
447919677,0
466612254,0
1143586247,0
1148837523,0
1150067693,0
1146311805,0
815023931,0
1149371666,0
45030870,0
446319415,0
1134053946,0
1142638365,0
1297602502,0
336501693,0
6429520262,0
573257346,0
6405240489,0
817124603,0
4381738210,0
74681665,0
643915506,0
85187721,0
1150281297,2
814637410,0
5120181039,0
77182261,0
5117501884,0
3115943536,0
611128951,0
831531034,0
636398974,0
1153885607,0
564453736,0
370509643,0
1152505674,0
1143447589,0
57034861,0
611124836,0
10213036054,0
1404089843,0
4411761252,0
134320114,0
86301389,0
598844602,0
573442848,0
3151987446,0
88294246,0
491690899,0
3151551911,0
1148282987,0
8407328961,0
561731557,0
431134626,0
1124982762,0
1037245015,0
1146025152,0
822700602,0
617233652,0
6437022963,0
65842471,0
121198643,0
417960657,0
85425641,0
1038879497,0
1045294314,0
336674624,0
1133564822,0
5113498276,0
818904152,0
439330187,0
45914189,0
7390248035,0
1018654813,0
1044714226,0
6406455681,0
8384036024,0
645063289,0
3103859250,0
5115318463,0
577223553,0
435905244,0
1024389848,0
1017139190,0
1152779326,0
16922083,0
632844213,0
633923579,0
1154415360,0
1040320837,0
1408016617,0
829378124,0
84315021,0
1147038530,0
563105275,0
66325343,2
815679762,0
1141789929,0
14458976,0
1399084384,0
645717796,0
131685646,0
361017923,0
425440430,0
1012006727,2
19745194,0
1027857328,0
1044896537,2
88830610,0
1049186217,0
1154345986,0
398197486,0
442050450,0
1129912866,0
1429242603,0
733061236,0
1143712209,0
735262244,0
568659207,0
474426502,0
1138062777,0
1152861665,0
747932510,0
132793072,0
454366614,0
10399709759,0
642001386,0
56374112,0
10123983202,0
415366878,0
1153224468,0
1152953347,0
7420959325,0
6442314170,0
5119414419,0
5123436451,0
87086377,0
563041056,0
1152802613,0
733131685,0
734848803,0
569972415,0
379878953,0
1152547272,0
337667178,0
310202930,0
363822161,0
570817020,0
6414794459,0
1147028552,0
5116690941,0
1083910718,0
368100559,0
1037870884,0
1012907216,0
4395501278,0
1033505343,0
810545831,0
1144380507,0
814067454,0
744658916,0
631893962,0
334927798,0
87398122,0
512862887,0
4377144347,0
1154057171,0
1043897963,0
1018145500,0
114833980,0
1153837409,0
575515446,0
334366034,0
633309455,0
449292680,0
10389160118,2
137388694,0
1154020939,0
1134865232,0
615267672,0
433252726,0
109586688,0
811691742,0
1154267867,0
1142044357,0
85064882,0
44785578,0
1125667082,0
47105351,0
7420112455,0
524691027,0
1128336886,0
335116770,0
561727325,0
4407933385,0
582827532,0
572109178,0
758946216,0
86162220,0
389658344,0
580461335,0
635029020,0
1131720381,0
731972893,0
333576205,0
1131374235,0
572059100,0
831063431,2
5120852057,0
712765347,0
361448486,0
439657105,0
474350434,0
647281451,0
1128982772,0
1153891981,0
614444653,0
1148750840,0
759879449,0
625243108,0
568256597,0
10410616980,0
571047571,0
5421810134,0
1144644275,0
345335618,0
76225841,0
1135994497,0
85237912,0
44788193,0
564022502,0
811603367,0
516148973,0
463530143,0
530922614,0
753885938,0
318080788,0
1050603633,0
1153976556,0
87590422,0
459186074,0
111028627,0
743240395,0
1048344278,0
68339282,0
522846357,0
823825709,0
110662876,1
376317202,0
720129234,0
88350093,0
530245480,2
45027396,0
47369882,0
10408769307,0
1012918225,0
1129485967,0
426519900,0
7386708513,0
106913079,0
1011412477,0
134919431,0
131091380,0
1133210996,0
824419520,0
1148822186,0
1152435876,0
464536813,0
739337472,0
1153910917,0
734938811,0
721261720,0
1153732814,2
630972504,0
757102755,0
1297510032,0
561674099,0
818535913,0
4399297702,0
1149339798,0
818163199,0
623053781,0
618809722,0
6412183049,0
5298170505,0
1154232511,0
84687099,0
1403734764,2
642749661,0
10107753666,0
750992816,0
88039698,0
1153832492,0
510603895,0
1048825902,0
1152614943,0
65224298,0
714323879,0
4428332706,0
438631329,0
469144450,0
3151514992,0
6376873693,0
5117522398,0
450519037,0
572368838,0
737814900,0
754232458,0
1154005174,0
640503464,0
10108564220,0
89587778,0
1150913729,0
755620649,0
6442314973,0
567324787,0
645596417,0
110512496,0
368137595,0
5123389375,0
1024548623,0
67065897,0
1153931795,0
632829225,2
491058611,0
1154004454,0
10152040283,0
466731597,0
116282809,0
87596169,0
566069536,0
332743423,0
590737636,0
639691360,0
627925251,0
499996584,0
410471305,0
830887731,0
561760956,0
756537656,0
445284716,0
87930032,0
345692671,0
1150392449,0
1049467484,0
1154398766,0
1154074120,0
816373410,0
86592437,0
1154145764,0
825991549,0
578633924,0
3299781051,0
7397842743,0
634889792,0
450662530,0
1297505450,0
84732437,0
1389606901,0
334375218,0
378032831,0
1133026692,0
59289759,0
109171535,0
1152737121,0
629980946,0
1146822625,0
562873557,0
587376423,0
647692997,0
1146851938,0
120458514,0
439327822,0
483943755,0
1051978198,0
754456977,0
1152372024,0
46140890,0
333321240,0
632088636,0
4396420387,0
1403497738,0
1036284223,0
610151715,0
723417155,0
610356838,0
1038208080,0
1128765501,0
10399130024,0
3104434770,0
568573911,0
499945816,0
629978458,0
336199804,0
479692029,0
434021189,0
1152638148,0
1026175279,0
1127889377,0
1377799245,0
57350876,0
563986287,0
621455295,0
448797945,0
1152809373,0
516824862,0
310351907,0
7421358616,0
333071112,0
483609300,0
8441539185,0
107006395,0
625810335,0
446587581,0
637235180,0
522078425,0
582634883,0
1044178449,0
56076490,0
569824955,0
7388723550,0
1142863457,2
649046110,0
1126388181,0
757884728,0
10219634741,0
513088930,0
86655987,0
1012001067,0
15832075,0
1027217092,0
10110655751,0
7299871168,0
1153854449,0
127680727,0
441343738,0
732053370,0
6398638314,0
1034249562,0
486384989,0
443211752,0
1070167721,0
1133974785,0
441508871,0
1152848850,0
610144192,0
1152589223,0
369328893,0
1130514866,0
85172361,0
1152414357,0
1152815979,0
814793885,0
633153747,0
631900218,0
8383749607,0
1139993316,0
1146064167,0
455247468,0
6379070249,0
1154220092,0
434736525,0
84450739,0
1144912747,0
433620175,0
463470782,0
636560007,0
750593332,0
563236256,0
380110022,0
17608277,0
750006465,0
468924878,0
1014281963,0
725101155,0
1150383086,0
515205066,0
528900556,0
345279169,0
7422126546,0
4380298141,0
361015924,0
637650976,0
3116625478,0
5386419897,0
760125404,0
637323151,0
87319988,0
519951984,0
118075200,0
1149349430,0
141375022,0
437161943,0
637240524,0
457202575,0
17795939,0
810557750,0
631763867,0
613649993,0
636213501,0
634776824,0
6379122540,0
758721081,0
319791665,0
6379120149,0
811699431,0
1035865135,0
1152788268,0
1152492437,0
87597291,0
3152006357,0
757742105,0
562740140,0
8381779404,0
757655844,0
1153162673,0
514123596,0
1044093685,2
1154345093,0
611127574,0
332301552,0
1037527505,2
360621942,0
562143726,0
64969531,0
1152561108,0
431934140,0
5115759897,0
1154289359,0
59841983,0
757667210,0
465497855,0
5102064793,0
479747328,0
734846983,0
1377316161,0
333651177,0
1148191772,0
584851128,0
561599350,0
106299900,0
578562312,0
5154492244,0
641905661,0
365829578,0
5121407398,0
614459021,0
84728433,0
1014367883,0
1154281007,0
87913313,0
1132909442,0
1154313055,0
418440391,0
67816337,0
1153241361,0
1036006401,0
10419441704,0
373059744,2
1028820456,0
638086348,0
1141257087,0
1154425081,0
1148682865,0
1152409426,0
818503827,0
1431573075,0
89895532,0
610145150,0
647228758,2
1146220960,0
1153411634,0
1139931496,0
649040181,0
1145159278,0
576986400,0
630440779,0
87019160,0
729299493,0
742673432,0
638920147,0
1147524943,0
1069707632,0
88097725,0
4396093450,0
76029474,2
5102546735,0
566065806,0
1133505335,2
110667246,0
1035353277,0
641293467,0
86107738,0
1134070979,2
1152327787,0
442494641,0
86584372,0
1150108576,0
18323165,0
1137193538,0
1152885727,0
85942917,2
8393280109,0
56060427,0
5424187476,0
1142815512,0
575273318,0
1146022467,0
1037218034,0
1379302807,0
831632905,0
135740184,0
824462120,0
433401292,0
34965509,0
75770272,0
451865006,0
827941005,0
632995423,0
753882801,0
1151258228,0
630447970,0
7411354859,0
1152375107,0
7164712019,0
627926694,0
1032223762,0
519907066,0
445818718,0
1128368780,0
644303890,0
753915586,0
3151960363,0
1150626581,0
84321720,0
8399320138,0
433027590,0
454600554,0
642864293,0
1147838590,0
74634953,0
510433492,0
1143503000,0
86536216,0
648930372,2
1149805460,0
116985884,0
756919001,0
491635098,0
734935841,0
1154148889,0
612916239,0
56069082,0
1027431642,0
488527860,0
8438803776,0
345482032,0
7418490602,0
584755139,0
744510395,0
631746856,0
510275833,0
1034859370,0
447113124,0
108298218,0
637754548,0
7422573544,0
1398899051,0
345708078,0
1148807760,0
1034168580,0
1045905328,2
66576430,0
824462376,0
565206369,0
4109181245,0
511287539,0
69706346,0
1154139450,0
1150285230,0
593807393,0
19907321,0
88819157,0
1140902506,0
446008511,0
528512532,0
1035031657,0
88562906,0
5123675981,0
116272959,0
16121441,0
69162967,0
583083663,0
1154398092,0
632398073,0
362672768,0
757497105,0
1028578270,0
1153152835,0
1151045526,0
470315429,0
59286539,0
567185470,0
565975268,0
1144344018,0
6406453949,0
436530865,0
810656383,0
345617873,0
7403813018,0
611404737,0
376286946,0
1152775016,0
1150632667,0
1093260104,0
732816170,0
87577896,0
732374968,0
1432076413,0
1142833955,0
747533891,0
588277047,0
1010034310,0
361109326,0
361483483,0
109486854,0
648232692,0
4434019890,0
561955325,0
366870138,0
332744400,0
435502741,0
831598106,0
632167403,0
1149472787,0
3151532216,0
10151432817,0
596608112,0
824414682,0
1153022823,0
639863283,0
1148143541,0
1147022188,0
467822148,0
338092026,0
450907394,0
7394280924,0
576486125,0
7438947657,2
88833274,0
1128455914,0
632593252,0
368032566,0
582513836,0
629418583,0
1135750571,0
615670477,0
562841743,0
14283479,2
1148411959,0
640309504,0
1148755554,0
5400740211,0
3151618215,0
818049600,0
6441155932,2
612915546,0
4102895956,0
75360361,0
1129562770,0
58917666,0
3151474475,0
5110607033,2
336874063,0
74384772,0
87400991,0
1038027083,0
7296808822,0
1147783713,0
432599295,0
3151752130,0
3412043483,2
1138194448,0
713510064,0
5115118685,0
1152922848,0
713942364,0
636029891,0
398105569,0
563162518,0
1150238035,0
1153895486,0
5117551123,0
749196985,0
1154304046,0
374636422,0
1153582161,0
8392973491,0
389605877,0
749568433,0
753644635,0
512264391,0
121192341,0
450810435,0
1419136276,0
1130260943,0
640328652,0
491379743,0
1154229514,0
629431399,0
826225358,0
382173298,0
436362578,0
745677996,0
629435367,0
1131959364,0
1152290388,0
472805630,0
85424283,0
454352048,0
811062795,0
4100535198,0
87405050,0
812814714,0
1143808656,2
648763492,0
813677812,0
106790511,0
322667523,0
1038145740,0
424889591,0
736901034,0
1135455159,0
1153616872,0
416333700,0
576521341,0
1153121139,0
1038437418,0
1151182530,0
1410969545,0
360609986,0
451908496,0
3414589432,0
1033413399,0
457195369,0
1153068070,0
632582306,0
1053775456,0
362663463,0
4438920767,0
528925720,0
3151825297,0
6165026556,0
632674156,0
1013924424,0
360544991,0
828330390,0
516154442,0
760135993,0
1152846854,0
16116947,0
725092957,0
616677933,0
1395922994,0
1148745712,0
646296660,0
346044173,0
104917397,2
1152801312,0
1411311267,0
1052332062,0
466645038,0
3427173233,0
6296870545,0
1153814253,0
5422178334,0
1147948713,0
432432838,0
752261865,0
1153313768,0
84567373,0
644879916,0
1032907737,0
587405403,0
1153722131,0
10116637786,0
730784849,0
620332306,0
1154065575,0
87657320,0
1430170928,0
1420388432,0
1150576228,0
449843018,0
87576509,0
332183340,0
3151665096,0
1144107364,0
738028234,0
568768023,0
1391740816,0
743380119,0
418442333,0
648559746,0
829181936,0
88312725,0
1153936931,0
612907703,0
425438550,0
56678732,0
1048044134,0
718655130,0
511472935,0
380060328,0
6386900908,0
1026305793,0
1147528660,0
1137241410,2
55331874,0
386999303,0
629976104,0
86653293,0
336801938,0
89118098,0
743803234,0
3101479095,0
716006827,0
67295962,0
1139054766,0
713544404,2
346048062,0
481378426,0
78015131,0
86635829,0
117719196,0
1395077340,0
716517477,0
1010071691,0
433178378,0
10411335273,0
1153871683,0
728730999,0
1027954877,0
810185929,0
320463064,0
815613465,0
525732876,0
1213688859,0
447098722,0
6392485527,0
749773859,0
3151629314,0
1152579099,0
1137407240,0
1153258134,0
1031609447,2
1433717724,0
1032653718,0
422152013,0
346046019,0
640820958,0
1152668832,0
1015187163,0
819721722,2
735595126,0
1423360996,0
1439156935,0
1042009197,0
754343502,0
760254592,0
8399317514,0
1036110244,0
437575350,0
395232351,0
108888699,0
755354570,0
88432534,0
1011257363,0
57179232,0
818392492,0
1025302770,0
825664845,0
5377518605,0
1045688412,0
345986760,0
47120441,0
1151346178,0
3116017403,0
17606646,0
1153605573,0
85927536,0
84491804,0
86593991,0
10389531979,0
811933341,0
570899311,0
1045338481,0
753663182,1
528529739,0
1046055964,0
564410348,0
1039588649,0
75791369,0
1399432480,0
748599002,0
111723596,2
428061576,0
1135210177,0
1402631997,0
434736414,0
74898608,0
636930361,2
525434616,0
811063815,0
1148295034,0
570790436,0
1152350103,0
452766301,0
824405301,0
1061524397,0
826887136,0
10102066689,0
397967457,0
74868781,0
1023037238,0
121191791,0
86831844,0
123379646,0
159944198,0
1134995757,0
1298273626,0
7296957085,0
616685468,0
443085819,0
632593187,0
1053018914,0
1153365291,0
1144363984,0
568337869,0
1031287106,0
107088575,0
759695239,0
449879741,0
635030582,0
749578939,0
5398005283,0
641672813,0
1150278759,2
648558666,0
585033765,0
583064276,0
1153478998,2
4108972200,0
824388360,0
582614219,2
1152283327,0
1045487869,0
756624844,0
1147693223,0
6419213299,0
1024912191,2
335634736,0
1128109019,0
371854640,0
1378653000,0
69157267,0
86056104,0
344805808,0
115942825,0
1032465276,0
1029480239,0
4394183152,0
1153759984,0
1154262781,0
67561557,0
1041309301,0
637760266,0
1050203663,0
810824357,0
1152412804,0
1154145231,0
5123081413,0
497023857,0
10425211392,0
646993677,0
632595906,0
1017475778,0
451291728,0
1154364413,0
749202578,0
389741992,0
567077317,0
636233279,0
331876757,0
1146855171,0
68867765,0
723998071,0
518293032,0
1143316686,0
1148602809,0
89193588,0
633451996,0
719173007,0
714324270,0
466471406,0
116651240,0
1139523257,0
44553805,0
821530028,0
4388431449,0
758240536,0
576592959,0
526804828,0
1146173312,0
332232337,0
5436161131,0
87659520,0
85418989,0
5214030786,2
636857417,0
720686784,0
518287685,0
721805177,0
86406264,0
1151099212,0
1149317120,0
632095038,0
59144278,0
4404992115,0
1424973459,0
376130901,0
1165064535,0
1135977366,0
567101140,2
1387810545,0
645527272,0
374750944,0
755027119,0
87500085,0
10378101614,0
88370845,0
752780360,0
519625512,0
75393932,0
74386586,0
84447387,0
75569640,0
7411345386,0
59962638,0
628943474,0
121578739,0
517862295,0
457066726,0
1144789942,0
572067955,0
446314887,0
460755019,0
324496596,0
1065728282,0
6389372311,0
1024502776,0
648402362,0
382257768,0
756853442,0
84804322,0
5117563401,0
565994268,0
4418760097,0
78021159,0
1390320160,0
491225336,0
453284496,0
1054537488,0
759100077,0
86043305,0
5112990090,0
641582617,0
1148537632,0
529195919,0
632094209,0
1379571643,0
368032040,0
1029945298,0
615265191,0
1125358823,0
821503684,0
87501779,0
1126518381,0
1152855348,0
1046187129,0
590611218,0
1152630562,0
721241971,0
477332862,0
1149566777,1
432263655,0
1427365321,0
17805016,0
736186775,0
132129687,0
575311582,0
8408766424,0
1036630830,0
640827289,0
756012782,0
345856933,0
1033713316,0
735593421,0
568343654,0
131424912,0
4430683220,0
638350109,0
334477044,0
1153036601,0
824423678,0
570918003,0
87845449,0
638781941,0
633851900,0
753577536,0
1398363775,0
732152132,0
565220382,0
528576361,0
1150049829,0
1391577624,0
1012031062,0
1386788866,0
812710585,0
1150061512,0
752460383,0
582909041,0
109277309,0
1137094911,2
1153914226,0
645400525,0
450584252,0
1153831616,0
5101845164,0
515246404,0
633307495,0
1151027792,2
78532575,0
453630433,0
371817450,0
10151483143,0
759745700,0
10409375276,0
645907762,0
1145066209,0
1154329274,0
815596591,0
89889591,0
623634835,0
1147251281,0
1154402328,0
431576536,0
1151369733,0
1027407372,0
111958518,0
610864641,0
731843292,0
377909795,0
79022061,0
523605018,0
1153898609,0
823728765,0
632990171,0
1144822794,0
746017451,0
1153773140,0
17284183,0
813190849,0
49549006,0
570709894,0
1147186147,0
759468018,0
562825914,0
1077591656,0
364865067,0
1131820901,0
3117748978,0
87277865,0
491060200,0
7411820074,0
1154076444,0
635271453,0
450901501,0
1066171475,0
3219755208,0
334208965,0
338145847,0
614456049,0
34469886,0
3151419805,0
613272426,0
345843742,0
78484009,0
4380610618,0
106512100,0
734513428,0
17600872,0
1149229868,0
1152785257,0
1153411274,0
1152872657,0
1380272768,0
1153092891,0
629959660,0
713146368,0
750465904,0
631904178,0
634801795,2
1148325198,0
620866085,0
1026678746,0
1013827242,0
1153893620,0
730294416,0
464611863,0
1144789599,0
3107230824,0
1148198517,0
636588080,0
1144444178,2
3404301065,0
332563562,0
1153796760,0
1154035087,0
443366187,0
1053125515,2
1297525683,0
1152631003,0
1146515692,0
569554771,0
819554447,0
760456532,0
1152834244,0
5120476835,0
1134939706,0
580657619,0
737103264,0
644015194,0
392577694,0
105244767,0
446466523,0
1153904264,0
5418583656,0
382282844,0
7398172670,0
1038142173,2
115091769,0
87586351,0
647205639,0
1152863561,0
1154436714,0
1141302562,0
1152575317,0
157341148,0
85058328,0
818206863,0
1145790289,0
133010756,0
1147522821,0
1150980300,0
1437335813,0
361123596,0
1154052248,0
1146888955,0
450526560,0
106648062,0
1149632935,0
1063168057,0
58928786,0
719152972,0
75578175,0
451866869,0
823651679,0
37945753,0
636236869,0
16917063,0
564954096,0
1152652701,0
8430121358,0
641825241,0
4392957579,0
7296573619,0
750510329,0
332685734,0
1389287496,0
1034128225,0
1154134232,0
5118830551,0
574883688,0
450323503,0
827330066,0
88631208,0
8420503675,0
1151292785,0
750745432,0
140693670,0
3427943015,0
85863489,0
1405245078,0
1144620017,0
1149700184,2
128378853,0
810083251,0
632091812,0
450859900,0
731965201,0
3151540217,0
1033164145,0
499707898,0
1154217876,0
1066498797,0
632750174,0
371776538,0
370515788,0
438524726,0
421070492,0
88620866,0
1146668706,0
10152250717,0
1072997217,0
3151737405,0
67059370,0
86159036,0
3151492259,0
1392887290,0
632478105,0
1151332438,0
639952067,0
830871372,0
10123475210,0
328713837,0
10151920111,0
828100545,0
1152829762,0
713520602,0
10379418878,0
439651649,0
754297270,0
624735317,0
6385080765,0
1153618695,0
1015572801,0
1015771449,2
1154412773,0
736004977,0
825527234,0
732214550,0
471346023,0
751435463,0
646905971,0
455055372,0
611123499,0
510953884,0
639403976,0
1143745829,0
1139503884,0
1153194033,0
3389395001,0
1154121793,0
5114850851,0
6379417846,0
585466399,0
5119726432,0
7395331408,0
1385202422,0
617227657,0
637249840,0
633311223,0
421047520,0
1146773886,0
1153816985,0
611124593,0
439432603,0
646893896,0
1037424123,0
89426594,0
109730382,0
5166064778,0
1164248110,0
718092115,0
421068019,0
564064413,0
1098725885,0
753003667,0
3115889454,0
1153753652,0
1036737129,0
434190182,0
10410702571,0
750137533,0
569765676,0
1134923942,0
830483075,0
1144544233,0
1438655761,0
5122583873,0
1143310645,2
730778526,0
1154364078,0
1154068785,0
432938845,0
3112640333,0
759003090,0
87332335,0
1148116642,0
84739590,0
7412768177,0
1150629311,0
4100153398,0
115334646,0
5123385800,0
433889971,0
114000643,0
453222137,0
441642183,0
491721077,0
1154259701,0
89661141,0
363760337,0
84309831,0
1037359062,0
827409846,0
1046188043,0
1433175225,0
77968075,0
454110809,0
646237397,0
84436159,0
88880032,0
382137646,0
450572367,0
432202813,0
826891906,0
725602748,0
1050552633,0
1154409002,0
87654651,0
1152334265,0
610367437,0
732651213,0
123373924,0
812121707,0
87399184,0
714303938,0
638266585,0
392284935,0
344803597,0
10151823978,0
345486395,0
338098019,0
590287003,2
120447739,0
810880592,0
435652104,0
431808239,0
617755589,0
632164832,0
6297773179,0
1053534803,0
438725551,0
494286699,0
1153493039,0
1144170783,0
6432633762,0
4213768155,0
1152408290,0
811773798,0
46135122,0
638925570,0
637142441,0
565970098,0
813200910,0
1153031175,0
386886435,0
757884608,0
1046379024,0
1153426316,2
720115214,0
525778160,0
1376754314,0
450724846,0
5431975199,0
1099098906,0
523186539,0
410229833,0
1152987311,0
1144291466,0
3104582463,0
1154286045,0
3443243290,0
565920360,0
67566666,0
1152288732,0
1035612538,0
417936368,0
4399263170,0
122663398,0
1153554424,0
34960437,0
1148603857,0
1153657864,0
87820007,0
620861217,0
1018146274,0
1055294795,0
376143257,0
461157725,0
811915277,0
66325432,0
7379168283,0
55636094,0
1015025136,0
1034758235,0
1154421566,0
451959306,0
640506440,0
1143992371,0
3151515636,0
345983741,2
515497291,0
760465739,0
424367863,0
1163746592,0
1154100937,0
3151536954,0
86519487,0
121206984,0
1419546625,0
1154303353,0
387064529,0
510595891,0
3116571015,0
1154039633,0
514949187,0
6387050074,0
1150078433,2
1152352375,0
630988098,0
760354444,0
7423873304,0
3151384957,0
1148356261,0
1125787405,0
1150070958,0
564448503,0
365811100,0
410450987,0
68336169,0
330431201,0
752873872,0
1143766072,0
1049301811,0
1154145518,0
1148727217,0
739448217,0
717062480,0
7411128670,0
810740812,0
360575405,0
634237152,0
1034875670,0
86596709,0
819832453,0
820342103,0
633847327,0
633937865,0
1127359033,0
1153083250,0
638817101,0
642840384,0
599260632,0
816603850,0
1390740702,0
387050897,0
1153305454,0
415382340,0
332390556,0
84307125,0
1132653106,0
362626997,0
619796866,0
8380949724,0
647287114,0
85428488,0
387032269,0
736368487,0
1049881187,0
610615646,0
370522554,0
7296569180,0
344933328,0
1153064101,1
1032723368,0
816237575,0
736999741,0
3101650267,0
1015651791,0
810894594,0
477718727,0
633386530,0
333479267,0
516836778,0
755579848,0
1388005287,0
1398877621,0
818895421,0
1434806303,0
447920323,0
1153705292,0
1146485205,0
3409427173,0
1393914854,0
132375558,0
611400868,0
46887310,0
712794736,0
477331856,0
1136891480,0
449667110,0
86291459,0
569544103,0
5119818070,0
64974917,0
10165922108,0
432262032,0
6405621229,0
1152332039,0
3426792706,0
812917016,0
1150720458,0
361506678,0
67061006,0
732054724,0
822703776,0
332451025,0
1146525520,0
484057757,2
47381064,0
755709742,0
3113867464,0
1145349407,0
1391830884,0
1020642249,0
1034425931,0
88847959,0
10398503711,0
1152487200,0
1152858314,0
333479250,0
1438622778,0
3151379143,0
444082859,0
566344672,0
3151481621,0
826591387,0
632678318,0
88105300,0
1153945780,0
565253852,0
331435161,0
1064377777,0
1040194520,0
336324822,0
565076526,0
635451766,0
750604745,0
87014907,0
633451988,0
647691413,0
46876818,0
453338776,0
1436058707,0
1143404894,0
569959165,0
3152067751,0
333698983,0
814768723,0
8378511392,0
814522463,0
47628957,0
580795714,0
755184575,0
1138101319,0
746978685,0
750897994,0
432604949,0
428049364,0
8386329613,0
115942269,0
1153605417,0
86158740,0
87008729,0
817127304,0
1047679946,0
1153068245,0
1143987600,0
810822755,0
565160034,0
3422419741,0
629961176,0
1147350984,0
6409822354,0
562150941,0
1387311721,0
1147228288,0
1045979135,0
89736103,0
1147900948,0
588136331,0
6386921528,0
336376487,0
467891443,0
443939009,0
1034401429,0
359999000,0
4395494179,0
816687815,0
1153393975,0
66808888,0
752097821,0
436082826,0
644568262,0
571083580,0
449718486,0
1386057684,0
437470078,0
585343566,0
3399361176,0
733439545,0
1152268271,0
4381639154,0
562133329,0
8405821095,0
123387759,0
10414682441,0
10419395435,0
447374083,0
76005363,0
564237619,0
722900918,0
568839305,0
648093624,0
1152387124,0
639476071,0
1154180350,0
67304281,0
745151852,0
760333333,0
1422822921,0
454436276,0
1147958905,0
1152325545,2
828793534,0
470326955,0
573751753,0
1150753747,0
1149521812,0
322299820,0
461287114,0
644437869,0
1152440902,0
1027785483,0
86298055,0
1148574505,0
1151296711,0
448807351,0
86350350,0
3151687001,0
749813397,0
571045142,0
159067888,0
3151988306,0
433550438,0
362617516,0
3151372198,0
732727698,0
1018145091,0
1146874772,0
345706905,0
627372296,0
449999099,0
563081549,0
1134803174,0
1067124556,0
529928609,0
1038171375,0
1148711789,0
1148865653,0
733843935,0
728736116,2
143090121,0
84318591,0
444626740,0
713133619,0
5403966921,0
811065313,0
527834001,0
1134880901,0
3378312736,0
1154183115,0
1152637007,0
719132483,0
373213492,0
751572643,0
479771987,0
89801636,0
1149343808,0
830536377,0
1395838477,0
648524025,0
87089637,0
5113411320,0
446590609,0
1154140838,0
562176850,0
411519933,0
1378596045,0
641688999,0
87831479,0
1152899138,0
821274857,0
1017276461,0
78472990,0
1150948709,0
733357181,0
1434798996,2
7220102521,0
10164555703,0
3114676662,0
3113888868,0
7412598667,0
16430626,0
85690664,0
1153163356,0
616682767,0
84931269,0
562819717,0
359962595,0
515256991,0
87407739,0
1127929526,0
5424005479,0
1153041266,0
451674923,0
444627163,0
6412594044,0
112536439,0
344801367,0
3152039609,0
1133639329,0
1149321273,0
576788578,0
638167668,0
637641405,0
724000530,0
1148033373,0
374481071,0
432516053,0
1034406338,0
563117801,0
1153088194,0
1149003167,0
1147415678,0
395635985,0
1153734688,0
67054148,0
1062744722,0
561912642,0
815929703,0
3151811305,0
1144764158,0
1152751869,0
459664312,0
433101517,0
313726641,0
132956036,0
576646863,0
818231815,0
471394784,0
1016704948,0
1146326150,0
582950317,0
1153697431,0
753540618,0
1154082873,0
3117896934,0
564987672,0
1153303880,0
1038135636,0
1154435059,0
632660629,0
823140907,0
64969177,0
529899343,0
635548951,0
810176410,0
46621619,0
85055174,0
638076930,0
432036668,0
752781392,0
1154319167,0
88996267,0
56846322,0
1140143834,0
1148440031,0
461388335,0
333572953,0
637841775,0
1032460743,0
331878997,0
1149730707,0
578925497,0
516808093,0
630440235,0
569604402,0
523587579,0
755675795,0
6393780011,0
1150536843,0
1041527871,2
817449529,0
1153191100,0
568440693,0
16314521,0
84916350,0
1414122477,0
1153916989,0
3104148069,0
1021320970,0
1153015838,0
1152350787,0
810490114,0
1150115442,0
612317407,0
732975885,0
1401193038,2
513831463,0
830327782,0
5390367427,0
1148981245,0
731840765,0
5104926283,0
1032460387,0
632673929,0
570959409,0
447788564,0
811236576,0
824589839,0
449154443,0
47374653,0
810081040,2
365869746,0
634082529,0
829399278,0
453546644,0
631974222,0
596259340,0
611403533,0
344998459,0
3151569077,0
567135985,0
1124820789,0
1146470368,0
332379327,0
580430949,0
1153748827,0
1414248424,0
56181668,0
1154474922,0
4221033465,0
334364402,0
84496048,0
1153921348,0
593487207,0
4385456487,0
454015619,0
831236420,0
5120147064,0
326993827,0
1430098483,0
567197411,0
745155835,0
829024006,0
569848602,0
360604011,0
438618635,0
143817539,0
8420506372,0
345273715,0
610143568,0
8399521533,0
513870714,0
1018042213,0
1153848343,0
5122739935,0
6433854350,0
615268433,2
1055181642,0
449833117,0
438631741,0
1298249020,0
373175647,0
88688469,0
5111447879,0
10151502615,0
69702222,0
1152757761,0
449387640,0
529920445,0
565212942,0
1149982847,0
7409994276,0
1152310923,0
451379313,0
1147547410,0
1154178472,0
569770744,0
7393839440,0
86815827,0
7296997027,0
1152325728,0
110195044,0
481621039,0
720697215,0
831212702,0
820350933,0
411528513,0
1024254105,0
1011944990,0
742808598,0
3151453883,0
1436701849,0
1152604646,0
362591280,0
1012779541,0
3151860485,0
814205418,0
1153826747,0
3152194851,0
1150729066,0
821486359,0
623062111,0
1145957601,0
5113662580,0
744367071,0
7386496502,0
567273931,0
49225451,0
754557118,0
626313575,0
573641166,0
8437895198,0
89555265,0
740045578,2
1016068268,0
362660534,0
1153704163,0
6422848619,0
6379027421,0
364851420,0
563148761,0
3151800945,0
580252319,0
7378810058,0
435575530,0
10213032858,0
1152815227,0
14596108,0
731846372,0
8213798638,0
7392999768,0
824090884,0
810028365,0
5425066236,0
750743502,0
84997666,0
1145514275,0
449679355,0
88169713,0
1145102180,0
640126067,0
387077855,0
454962592,0
830023107,0
1410928091,2
473979163,0
565382191,0
345842470,0
379884755,0
437169054,0
1126375188,0
77693201,0
1154085484,0
117345231,0
827246157,0
756854626,0
1148057536,0
756931479,0
646556026,0
565337463,2
5120680525,0
366807573,0
1152480290,0
121557622,0
379892668,0
1150290782,0
824086226,0
486350311,0
643579831,0
756490387,0
443503708,0
3110163479,0
462520436,0
640257884,0
3396621941,0
4431472516,2
84977649,0
1048960956,0
1154407861,0
1046522370,0
566272413,0
386884499,0
412652350,0
1012845055,0
516136658,0
758294659,0
445993868,0
510768050,0
571107257,0
56857721,0
747396106,0
3151442965,0
568629548,0
345260903,0
612562856,0
563048743,0
1024008697,0
821988776,0
615263643,0
364789562,0
88830538,0
634308266,0
5403102420,0
526428984,0
1404881055,0
638925315,0
1143605431,0
88096611,0
5115677926,0
829007678,0
3387892111,0
760697016,0
1130230174,0
45043323,0
392315054,0
733771645,0
435477861,0
813964074,0
1153970337,0
412999315,0
513087846,0
86338545,0
1150075217,0
124486850,0
1154411406,0
483560115,0
823881892,0
461312729,0
518243972,0
54818778,0
1032148270,0
719179665,0
1153711061,0
1152900515,0
1040862359,0
65651552,0
1153518237,0
4377637045,0
452125249,0
590571608,0
1135764526,0
1147488434,0
19211207,0
1047920866,2
517525052,0
438295165,0
647088110,0
744088111,0
1145167397,0
1153250685,0
735013826,0
4414332677,0
1036157813,0
1153460539,0
1045847598,0
648959956,0
829533258,2
623054248,0
759459536,0
1153627800,0
1128385423,0
1152333722,0
1154224687,0
647472441,0
3151556267,0
5115018553,0
4299382488,0
105610128,0
89473659,0
1152668446,0
10385693019,0
1153031973,0
1017300179,0
105566260,0
1148949235,0
111956820,0
177905898,0
1153911440,0
7436331770,0
467847026,0
634536522,0
566262644,0
84452820,0
1153994555,0
491256707,0
8417951157,0
329060062,0
10297040542,1
1423626478,0
334432299,0
512630461,0
758869962,0
430628740,0
736814822,0
820359979,0
87072159,0
1154037956,0
1148418940,0
1040325462,0
59156298,0
759133613,0
754228509,0
1152388300,0
635615389,0
1153608869,0
432939612,0
736002589,0
411754624,0
364930381,0
451242118,0
746987202,0
86305229,0
1035052833,0
4399475333,0
510773539,0
35089393,0
1152316124,0
468919678,0
1154171840,0
1153164803,0
635873349,0
514127128,0
7399314260,0
389981340,0
378181403,0
86792362,0
569955821,1
445461237,0
131699503,0
8424211146,0
565336362,0
334471881,0
1384993707,0
10299429235,0
5111595367,0
1154131869,0
530621655,0
1050617238,0
85804417,0
1146835420,0
1015810378,0
714282212,0
1138056033,0
76728103,0
109816083,2
463535116,0
613654354,0
563994408,0
1134603887,0
86162153,0
360612929,0
69163595,0
1152449259,0
437779833,0
1148713517,0
1380679552,0
449525301,0
1151360145,0
497708748,0
5124455323,0
1030916360,0
1153792683,0
1135712579,0
449530210,0
108243312,0
1151088045,0
1054377412,2
1440051014,0
831185068,0
810825139,0
1151361252,0
1035864417,0
335974333,0
632472672,0
567592624,0
646884448,0
1062644315,0
1142949277,2
333694111,0
449628957,0
86345442,0
123021571,0
1148458261,0
1048437168,0
443366045,0
7385263985,0
625247122,0
638346561,0
1029601125,0
124845863,0
1029228944,0
333916719,0
1065378703,2
569839967,0
79048087,0
7381013822,0
568575007,0
1066168018,2
512262329,0
1147954974,0
632088542,0
434192433,0
736190372,0
3151717436,0
725599039,0
5111149101,0
109943968,0
392473970,0
596173539,0
3152090299,0
380098212,0
4300229109,0
634554245,0
1147227091,0
1126433284,0
1152915448,0
567566840,0
345269004,0
443513980,0
585582904,0
755948147,0
3433752668,2
436974719,0
3300175019,0
86298064,0
421602751,1
1152406011,0
1126719379,0
613264257,0
1072245888,0
1051557087,0
1154344081,0
14948229,2
4108812760,0
88092896,0
1149449300,0
1409541237,0
154532795,0
449213990,0
77744767,1
636234554,0
1148053237,0
3400184756,0
336148540,0
529897071,0
1425237384,0
3298868996,0
410455380,0
716525874,0
369468440,0
411219617,0
618306449,0
88985843,0
1152589914,0
578959960,0
157340842,0
17095750,0
1153426795,0
753531415,0
1154291349,0
458084211,0
474133058,0
637745840,0
1133069405,0
59852545,0
440286277,0
3411163574,0
1033060947,0
528212259,0
5102180699,0
1141325751,0
1151030175,0
84304032,0
520672820,0
617223154,0
5397964053,0
488334347,0
1388120591,0
5119220877,0
1039331549,0
1146294996,0
1129757348,0
1148215966,0
46139181,0
398224357,0
1411892626,2
1393442149,0
1153129507,0
638041201,0
562017975,0
1152404571,0
1152581555,0
371813849,2
1153104978,0
633581412,0
736908820,0
648752075,0
469111734,0
5115390780,0
8435739362,0
1153954024,0
1148933650,0
1146884910,0
633462931,0
614854998,0
1153654457,0
106058540,0
1034965056,0
1148061777,0
1146527260,0
5121976472,0
5111413393,0
3151555059,0
115944716,0
6414795199,0
1025430868,0
398269439,0
335469994,0
121196238,0
1153913995,0
1133695281,0
382012602,0
1032089566,0
1146816877,0
124129109,0
1146970869,0
1148297202,0
823893374,0
417939444,0
38136321,0
1152789805,0
737502172,0
632171643,0
87589588,0
57157387,0
3395704992,0
596283177,0
827242239,0
10151415807,0
826928751,0
831646227,0
456233270,0
1150114596,0
111722602,0
641889927,0
624739062,0
824173737,0
134005949,0
1153079461,0
564376057,0
10394208492,0
1053319117,0
571948144,0
117332343,0
1022895365,0
3151407567,0
1419612931,0
1378264316,0
1146373438,0
55628920,0
1152308039,0
645380771,0
74409865,0
713906913,0
570838739,0
818377704,0
1154269869,0
5164029331,0
1146858119,0
1055648030,0
810498025,0
1153322951,0
1152510598,0
626319226,0
724536538,0
477277714,0
1152856502,0
756057899,0
1438480542,0
86104974,0
827268074,0
417951852,0
610142927,0
486640695,0
1148959939,0
86351021,0
750193900,0
59308253,0
84440109,0
1150479066,0
106994224,2
7393850615,0
116653882,0
1153593982,0
1032964049,0
1152440333,0
642608026,0
6393769193,0
612904816,0
646377428,0
634628517,0
1134452502,0
475786889,0
88904189,0
45514512,0
635352389,0
481811751,0
1135441359,0
724549454,0
1148442647,0
1154345860,0
432213047,0
450256104,0
1154427040,0
1048991073,0
639057565,0
1152425451,0
734134310,0
443354274,0
717009799,0
1411772181,0
88040110,0
1153441092,0
564058382,0
1152974975,0
65653454,0
107962665,0
812715872,0
131113009,0
513859905,0
625241009,0
5115411281,0
485943926,0
1423600193,0
561690669,0
1144487131,0
1127960467,0
1153893670,0
741667017,0
338011429,0
7394090610,0
4109597070,0
1153862489,0
1154192985,0
8423402412,0
647031681,0
1298408761,0
1148821016,0
398003157,0
3151411012,0
1152357164,0
44551131,0
166761437,0
374637416,0
635444022,0
632480020,0
1148507302,0
3151638236,0
113247944,2
645716075,0
1013950218,0
1136056528,0
16312279,0
109404347,0
6407330321,0
1150672646,0
713924420,0
109938562,0
345473164,0
86587546,0
1152708168,0
4164128733,0
636131352,0
1148366253,0
1152274895,0
1128972561,0
1052934667,0
634793533,0
1133186902,0
88540497,0
413759021,0
1055584590,2
818832787,0
511833003,0
522102551,0
1134699166,0
641961218,0
566277861,0
1153330312,0
345488263,0
753465434,0
5119753098,0
632171907,0
629979069,0
1154043343,0
66811238,0
450623808,0
68334954,0
518600134,0
735750124,0
754388122,0
329408665,0
1041269312,0
1013437202,0
5407372033,0
1151192482,0
1146878355,0
1429832943,0
739913132,0
570992936,0
1144586326,0
3152029114,0
84934509,0
89481841,0
1046298989,2
121198300,0
335964241,0
635776601,0
1152306524,0
124130416,0
10122269306,0
64971481,0
1137109959,0
77739033,0
1163877970,0
752103149,0
736630945,0
1137331345,0
453226046,0
1398714299,0
1153998948,0
461346210,0
376255263,0
1132577886,0
477482694,0
632091115,0
829141336,0
371823285,0
760333759,0
3151387228,0
1152835179,0
585426614,0
115941209,0
1146026168,0
1153750400,0
583025561,0
633599324,0
733980249,0
1144491160,0
3165633163,0
56563312,0
58598298,0
570961093,0
85190290,0
1138836568,0
1152696386,0
412672775,0
5122216917,0
737904836,0
434561026,0
1051539054,2
84703998,0
580252792,0
729748170,0
438630035,0
1152367183,0
569570054,0
530244884,0
1150041495,0
567256129,0
5434954630,0
345149307,0
6405274142,2
1068813530,0
528188191,0
583201977,0
5402075515,0
86350432,0
1392479268,1
1076380600,0
1152662486,0
1133668515,0
1022686227,0
1125696251,0
439564286,0
10152131310,0
1022871234,0
1151252001,0
1387122938,0
470145028,0
617753877,0
84305770,0
632581728,0
747801601,0
118416906,0
648852587,0
736005820,0
564118730,0
485994458,0
561721039,0
757417351,0
14285491,0
631894454,0
629428104,0
1154367240,0
1140348536,0
1050644709,0
1134133719,0
437293573,0
1135013163,0
479234160,0
646290395,0
75570708,0
822207255,0
68090738,0
5104795332,0
1153759582,0
1017000498,0
1147019834,0
78223599,0
10102514713,2
14750523,0
640778604,0
614451160,0
1149061150,0
512388228,0
58932777,0
619798481,0
1152398220,0
648455524,0
75346458,0
1154320002,0
413403921,0
413410761,0
88434352,0
738762746,0
1011611336,0
86113113,0
1139003218,0
1152265057,0
638719026,0
86093636,0
1413086757,0
612313834,0
451151051,0
1152909234,0
632590679,0
1144305605,0
8220045485,0
1147388569,0
157457401,0
1151034296,0
425943594,0
735505759,0
643123654,0
479452247,0
1392612098,0
567114140,0
488326038,0
643269583,0
618309828,0
717596647,0
5390473029,0
633235845,0
750194937,0
639177602,2
610144629,0
1153991831,0
1152478628,0
816218103,0
1152405142,0
5105523477,0
154036020,0
648730075,0
84741318,0
1147963648,0
754920293,0
1046386422,0
1151282516,0
1153687363,0
370559477,0
729273611,0
638659103,0
78249743,0
109395827,0
1134440088,0
436357273,0
1154248404,0
338328110,0
67291676,0
749460782,0
3163947487,0
6165060830,0
830738819,0
1153089203,0
718138662,0
376200235,0
85056668,0
1143687268,0
10398055589,0
45022642,0
1152753809,0
332571224,0
5385236249,0
7394802844,0
1148972755,0
1045477050,2
370494416,0
4406172455,0
567170535,0
1148259718,0
719170283,0
613645240,0
814514672,0
755722480,0
1148091174,0
1152661903,0
612315583,0
639225897,0
104806608,0
634454722,0
4396646311,0
733505291,0
645529727,0
564995894,0
1390338898,0
750548290,0
1031539924,2
6412327463,0
1045902850,0
467946897,0
818833229,0
614450607,0
435008575,0
715146961,0
1131568892,0
741386247,0
632585039,0
49218640,0
1435560509,0
571940776,0
86777723,1
362600927,0
345332390,0
84738317,0
1148200422,0
738650575,0
65655283,0
1153913065,0
1034718450,0
65848207,0
1149088216,0
3418249576,0
3110505081,0
1377290129,2
730774373,0
733292479,0
645730202,0
55220759,0
4219771335,0
714718520,0
88170479,0
1164670902,0
596636753,0
1147366131,0
816616824,0
5117450800,0
810893059,0
636591017,0
5111373225,0
831460398,0
1148336257,0
726182460,0
376119227,0
389247668,0
510436604,0
1388185218,0
648030217,0
5434319057,0
338151875,0
519314799,0
8212882859,0
3401825151,0
1153649567,0
123383013,0
5417463911,0
336326480,0
1387306639,0
578228151,0
1033396428,0
336545939,0
810252071,0
1152268606,0
820069871,0
529903595,0
4399047566,0
7298985366,0
449959343,0
46629750,0
1385569583,0
66323913,0
751345322,0
361146195,0
1153792689,0
1148350485,0
1152385744,0
644456783,0
1147507537,0
830530798,0
1435564900,0
361035536,0
3151545891,0
1044237553,0
5297022617,0
1073693588,0
1146325524,0
1154414719,0
454030133,0
575284990,2
811709044,0
631444190,0
75618256,0
3411599371,0
3151633717,0
4406376217,0
741805830,0
10394301867,0
1398609541,0
1154262127,0
334372165,0
1149744634,0
86894981,0
522829929,0
7381013819,0
85926992,0
338094294,0
5118498701,0
361515344,0
361511411,0
466505156,0
726653314,0
463503964,0
360054914,0
86410631,0
87658878,0
574922526,0
477585697,0
1148463464,0
564210984,0
815027365,0
1409191563,0
1414119432,2
3401658174,0
7409522932,0
637419319,0
10151661161,0
520605591,0
1127191246,0
8405975295,0
824574328,0
751590368,0
5113483336,0
1149807407,0
84268108,0
1151361985,0
5388786798,0
1152419764,0
84453070,0
1153876777,0
575503500,0
5118746478,0
1036054038,0
1376793017,0
85803663,0
131109804,0
644531031,0
431571170,0
7381999789,0
1154343726,0
632594844,0
460766416,0
1145570951,0
1154168479,0
48421692,0
1044983053,0
345493340,0
454612434,0
85247741,0
1036584617,2
1047271617,0
86635502,0
614028323,0
433677084,0
733705239,0
632844175,0
1131916057,0
4100029219,0
1053509452,0
1152718979,0
88457650,0
4443423962,0
1146376144,0
1153866868,0
632474573,0
1153290620,0
637755825,0
335416960,0
1146111715,0
1052781296,0
10383175090,0
3151907407,0
88034593,0
17285086,0
1154333716,0
4426682700,0
120830724,0
6410692890,0
84706127,0
4395642195,0
744976354,0
366860837,0
469175600,0
1146891692,0
55700690,0
615271746,0
734686867,0
3417441984,0
3151871220,0
737905769,0
1153994745,0
4396356965,0
573395569,0
55312245,0
562117811,0
622532302,0
7411537229,0
4103400127,0
632315425,0
5403667614,2
345331670,0
638377509,0
1150934223,0
599190086,0
719155812,0
640905629,0
88555121,0
623630747,0
361521757,0
3151552554,0
1065156449,0
86831606,0
474343736,2
1154258387,0
442058816,0
10378554962,0
1152489621,0
455060700,0
10123556934,0
1153771797,0
451140315,0
632167753,0
622536722,0
419477398,0
627923854,0
7296591092,0
1033713627,0
4103216616,2
1144771294,0
1377275513,0
1037771164,0
817470755,0
1153207956,0
116649102,0
4108935040,0
5117031840,0
1036366813,0
631745715,0
1434596670,0
5220062759,0
1136730369,0
565056422,0
569841572,0
1045135752,0
632595203,0
431938225,0
1146994044,0
3114349460,0
463667976,0
1017309226,0
443643811,0
8387397670,0
430097100,0
737005990,0
1152380361,0
733061926,0
613265533,0
1148688451,0
1399368442,0
86112819,0
1153393660,0
813217308,0
1150268934,0
726658433,0
1146938301,0
462431548,0
750345504,0
5121959095,0
749150329,0
724530024,0
1030631133,0
1152942059,0
1154178263,0
721235052,0
1434610524,0
1130918481,2
1138645840,0
818852875,0
378040403,0
1153852533,0
87143477,0
1033710255,0
3151660761,0
819817731,0
8443497569,0
414586331,0
87274522,0
8407687788,0
510925854,0
733639926,0
1152301351,0
475568452,0
632400193,0
1142423641,0
1148828417,0
3151430075,2
86834881,0
456706184,0
1033060081,0
471485188,0
593534300,0
436776931,0
3423021448,0
563226201,0
1151333508,0
333834540,0
89396733,0
569789131,0
86906963,0
1037322546,0
3399773015,0
1152999624,0
1143256284,0
378031838,0
810392105,0
1153264782,0
810635597,0
1021286518,0
572470659,0
1032814351,0
1398490103,0
814495432,0
1153823238,0
5413741257,0
759530578,0
5115024018,0
415011738,0
1152979073,0
1153870608,0
731843946,0
5398459902,0
459913450,0
1152812741,0
1152790350,0
511470921,0
760145796,0
716500977,0
811316835,0
565138010,0
1153031059,0
757751798,2
1019942456,0
817431845,0
434101575,0
1146810169,0
1011257054,0
1153107743,0
1152747677,0
1138852153,2
528914892,0
361116044,0
830201408,0
88619622,0
1071406008,0
130755428,0
109638541,0
1152947068,0
634078639,0
441774839,0
1050443913,0
1154403577,0
437565758,0
731280483,0
568609872,0
1147581787,0
587917422,0
47625967,0
1129647159,0
530951038,0
631903640,0
1152982538,0
720719918,0
85917704,0
3151830279,0
1035536604,0
512062546,0
822370797,0
7438829861,0
645560593,0
455440167,0
731961628,0
8398938658,0
471249071,0
7433545905,0
713480623,0
49242822,0
392228747,0
440279986,0
1144029450,0
333017737,0
634723173,0
562201650,0
1152347593,0
123372421,0
86518048,0
566120624,0
1153433587,0
511631651,0
561979347,0
811039553,0
444213331,0
1152334992,0
332973563,0
1010036495,0
1033692531,0
633728607,0
562777343,0
19909493,0
418979637,0
491203070,0
7394512371,0
757650025,0
1153338854,0
1153066099,0
361511043,0
1016852049,0
438508881,0
5397861946,0
1153758487,0
1395246438,0
583120161,0
511489232,0
5119673653,0
4165841816,0
827600253,0
815915004,0
830403388,0
1152892767,0
1128847387,0
5110917904,0
1154255052,0
86113485,0
1152910310,0
1153348210,0
1152297273,0
85425794,0
1150510221,0
6410692731,0
1012385583,0
1437349180,0
1132203684,0
1153353322,0
475939244,0
621960562,0
1152416913,0
565353459,0
1148717110,0
714311174,0
3151526137,0
1013136610,0
363771804,0
438639464,0
415835043,0
1140394423,0
446157658,0
389428088,0
5122943838,0
1087430924,0
647902730,0
1154096600,0
444964650,0
566032096,0
728243002,0
1149095939,0
3110446309,2
3382365166,0
512275894,0
1153910221,0
377988155,0
86037010,0
450118988,0
1038016544,0
1147060856,0
756559609,0
5113103627,0
1148205147,0
754624495,0
7296581058,0
15076055,0
1033964997,0
1135706825,0
345693783,0
4422778543,0
5119794768,0
513351947,0
1151201097,0
3152076670,0
84704252,0
85067412,0
580199037,0
632089593,0
638392401,0
7395024635,0
1148369998,0
828146403,0
1152479636,0
738230284,0
452254565,0
8414381930,0
646504605,0
1152308577,0
737098427,0
1154084810,0
1148644518,0
726674915,0
613651904,0
1055590918,0
611989673,0
1388342274,0
633143234,0
827111274,0
615264662,0
3395069519,0
1395856241,0
4434470724,0
1153604977,0
818831442,0
1438883046,0
384484892,0
5111242464,0
134470637,0
1011921386,0
1148426609,0
1027390870,0
1143283316,0
1036401406,0
584871829,0
1133129505,0
84502444,0
438007015,2
1154195037,0
810235820,0
365910603,2
1153352506,0
10116418572,0
84266133,0
6297160067,0
1046895095,0
432526115,0
4422290398,0
1131575587,0
326296263,0
567093778,0
599190686,0
5114776933,0
4426641988,0
566029416,0
1146776718,0
1154010128,0
595952973,0
6421322421,0
463581321,0
5413243531,0
440537957,0
746986086,0
1149565606,0
7407669763,0
1041986981,0
1152582909,0
750013046,0
3107280682,0
467639644,2
75966619,0
1152338523,0
1026569288,0
1010325636,0
1148323521,0
1147965840,0
465496396,0
3151537609,0
642188850,0
431925136,0
335802571,0
741522178,0
3299194690,0
1147862986,0
564106122,0
520644095,0
630982520,0
732313362,0
79026611,0
6400099137,0
87392285,0
1419472384,2
485985054,0
8424669336,0
10122823808,0
615672580,0
124494544,0
360538974,0
1131182628,0
6165082634,0
1213949151,0
75604180,0
635355618,0
3432362943,0
74656921,0
562899526,0
141373333,0
435314784,0
6377099638,0
1152533994,0
1383520094,0
1148108654,0
3300268405,0
647772664,0
3388285781,0
1154274777,0
74838031,0
1152267636,0
612313677,0
578348166,0
564003501,0
570669387,0
610143848,0
1436750941,0
530942044,0
1037750713,0
1142915607,0
635452284,0
641051357,0
427574964,0
116283065,0
1044980283,0
6430717942,0
1423468064,0
5381237345,0
828414235,0
5121554242,0
739915677,0
743670207,0
5121774050,0
562759631,0
813956816,0
572221329,0
639604608,0
66566627,0
360504409,0
563070824,0
1098828713,0
1153926776,0
820539482,0
437878027,0
720139640,0
86901333,0
569966581,0
1146484731,0
6397552061,0
457830317,0
1152553663,0
84259145,0
1138411482,0
632588048,0
634228441,0
470267585,0
6297177900,0
510574440,0
613268630,0
561642732,0
1020623510,0
613655833,0
813036918,0
724517418,0
116982973,0
85191349,0
438635846,0
360617332,0
432718653,0
563017768,0
454279196,0
518964635,0
643711586,0
1435631731,0
74612974,0
1147409702,2
1152975512,0
1036933270,0
736006364,0
512896559,0
817281378,0
121208038,0
362694304,0
620333295,0
733299490,2
1021816900,0
39600759,0
3164732985,0
335254784,0
822611979,0
751244128,2
109493652,0
527853694,0
5105325994,0
7409405337,0
107726392,0
585584124,0
564060576,0
332184697,0
1402612394,0
386892502,0
578636649,2
336807653,0
1154080647,0
346042705,0
48969674,0
588213338,0
8402089955,0
3151818530,0
6386315559,0
1047221993,0
85861602,0
721806175,0
1149595852,0
636640650,0
87086621,0
118064775,0
416875877,0
7220723792,0
1153986945,0
438511986,0
67815685,0
5105336936,0
1148250251,0
1152908706,0
573307851,0
3151457667,0
84502797,0
1149811756,0
1150174715,0
3151396995,0
1154198047,0
1047066158,2
1428890732,0
639053923,0
1148391491,0
527834588,0
413747582,0
87263120,0
1140781790,0
87845573,0
1150836201,0
561875741,0
75169637,0
5389119005,2
810820952,0
1153937080,0
611398672,0
826227749,0
811137103,0
87148757,0
631911889,0
571077327,0
1154072012,0
166763471,0
719665524,0
6423745751,0
8423128716,0
733361110,0
84684326,0
717018344,0
371765906,0
4384486656,0
1395851533,0
155673930,0
751517756,0
1152376844,0
3424943095,0
472922756,0
1075903527,0
718640894,0
1148099857,0
721253576,0
1065607458,0
569707417,0
1135857172,0
1397748359,0
10418940089,0
75163243,0
5297040400,0
1148901471,0
756539742,0
579117304,0
519947160,0
84490299,0
1010866536,0
1146405111,0
7387275231,0
1147845528,0
721825865,0
1152404080,0
449872948,0
1153389174,0
590507891,0
1030319378,1
1148520678,0
345149210,0
1054633238,0
633531560,0
1152300352,0
444065779,0
410447089,0
86164925,0
1154387104,0
3433807768,1
473995190,0
332296601,0
8298535528,0
514699087,0
1035123646,0
7423406170,0
1154279230,0
499679824,0
384388476,0
635461077,0
1434716949,2
389671258,0
562924374,0
750593390,0
6378558066,0
88111120,0
1021525171,0
1148101393,0
519328572,0
66578153,0
1128783998,0
1153421547,0
722307946,0
1154032667,0
635364146,0
3396893319,0
568421906,0
637438966,0
4382385475,0
3395064496,0
1035177067,0
1011929386,0
614850985,0
1421875378,0
732050486,0
84686445,0
1154168266,0
1150931827,0
1152677262,0
472983856,0
595799868,0
810042545,0
453145193,0
417953975,0
16430155,0
634539600,0
635785009,0
6386683684,0
1152891514,0
1132110639,0
1151132774,0
438397013,0
67562623,0
580662700,0
435392874,0
1153246457,0
759719370,0
1153909809,0
413379846,0
569637178,0
611986402,0
726163622,0
561926992,0
1153585520,0
573346387,0
576692974,0
584982041,0
1152786822,0
637747230,0
5400950022,0
345474233,0
1154153133,0
8389211812,0
810736501,0
1380282974,0
1139055290,0
645585359,0
741665754,0
815397659,0
1146851860,0
1145944044,0
66808584,0
1152447518,0
5119163316,0
731731291,0
449673217,0
6401073762,0
105086678,0
1126711155,0
10381380583,0
1154176704,0
1423471358,1
641473232,0
10394214198,0
735121093,0
580661228,0
1033508945,0
8410677591,0
743380185,0
86531751,0
648970555,0
479203126,0
733578690,0
456458918,0
623635026,0
523211051,0
331429059,0
1140480929,0
1033638650,0
441076067,0
1039297059,0
412090933,0
1154000106,0
1152777317,0
1153108893,0
389775278,0
1152692900,0
523583418,0
440550230,0
1015035743,0
611681573,0
636587537,0
17094610,0
635357176,2
1131035227,0
1042882813,0
1152486408,0
10407541029,0
562917048,0
451867727,0
78013917,0
562070652,2
618812470,0
1055286025,2
1387301191,0
154036840,0
1153033196,0
1035629008,0
76261255,0
3151786429,0
432710546,0
87394416,0
568691723,0
632667867,0
759244560,2
5118658742,0
87590559,0
722317273,0
1134913049,0
1150377003,0
1151259136,0
84929015,0
577074071,0
1147265962,0
568670718,0
5424261015,0
1152830495,0
635456632,0
738536632,0
1151203987,0
580921438,0
814045562,0
566169612,0
822715106,0
55891489,0
161446641,0
636217432,0
1128896730,0
713888407,0
87516767,0
1012292500,0
443223465,0
3400357718,0
472781586,0
1152875599,0
733976039,0
1065540667,0
3103903693,0
469045523,1
1024675146,0
494512997,0
107982476,0
483769636,0
1148480161,0
67301333,0
1030308692,0
1036466635,0
4299154241,0
337264155,0
1401153970,0
829368429,0
1036669689,0
1135604520,0
6386680074,0
6402025310,0
813563535,0
386764674,0
1033771624,0
332447387,0
3107021974,0
337917281,0
639284988,0
614449848,0
5118958683,0
827957181,0
644438637,0
1154100773,0
568200621,0
131788993,0
422677449,0
1143653527,0
366954428,0
1033981144,0
1015451040,2
311190154,0
1016204786,0
451867595,0
4382678229,0
733364793,0
360581887,0
85178161,0
334321098,0
756758714,0
1019973401,0
1029400935,2
3422871419,0
1034761537,0
818529175,0
1387303276,0
86654607,0
1153893271,0
1014517675,0
1422831696,0
87775614,0
133012984,0
512614099,0
718648006,2
346176651,0
477460417,0
632674396,0
7422216034,0
128380771,0
4439908861,0
752669943,0
88834476,0
1421609465,0
328705604,0
35083698,0
1154092444,0
332381727,0
568374591,0
10386170930,0
1146505511,0
88632819,0
87518195,0
1043361311,0
86116137,0
527542774,0
750843533,0
1152429417,0
87925998,0
593635773,0
634148014,0
1149678134,0
815030661,0
87506273,0
418991057,0
54825096,0
1149521601,0
74865976,0
435729576,0
811046533,0
632660253,0
79343460,0
1146955565,0
5403671308,0
86165666,0
4395146997,0
759241102,0
1147525700,0
85242857,0
647812967,0
84566623,0
3404792855,0
8391914241,0
1398614218,0
571914282,0
1147599717,0
750539098,0
1037539172,2
634312732,0
389702228,0
630444791,0
89411884,0
3424955267,0
361480444,0
1154062450,0
87578966,0
1154084729,0
1387996185,0
87777297,0
818845302,0
433180088,0
74914363,0
4404539246,0
752675496,0
731846909,0
638333090,0
640185259,0
577046753,0
816343123,0
392393521,0
1153023225,0
438627755,0
1378137409,0
332010557,0
1064350611,0
84798253,0
644746875,0
3391712946,0
632756333,0
88694676,0
516793389,0
336090721,0
1066368641,0
1213940235,0
4164127844,1
751382412,0
130747316,0
85428571,0
8421319643,0
811438757,0
432045684,0
1395838382,0
614844729,0
1042219451,0
362611001,0
1153772804,0
5399665540,0
438292962,0
136719779,0
1412758262,0
562986713,0
5107707332,0
1068202846,0
643275180,0
7378538445,0
814199956,0
635953069,0
750980322,0
74673270,0
1032089258,0
5108079884,0
1149801426,0
88024001,0
737302126,0
10124637071,0
1152587599,0
527848570,0
370479403,0
1401845068,0
1149316324,0
5120516756,0
811230127,0
1033206440,0
1153641644,0
525405219,0
324872327,0
819817911,0
333171802,0
629972533,0
1153846958,0
3112089512,0
114010930,2
744364777,0
1147954349,0
336546302,0
817979480,0
721219594,0
454858520,0
732814954,1
638695705,0
5388725165,0
1151193850,0
15537655,0
435179184,0
522123078,2
811006443,0
1392172030,0
1152811213,0
346184039,0
1435656150,0
752594028,0
584735377,0
1152852249,0
38467466,0
5115112587,0
363828234,0
459913583,0
637351186,0
580677075,0
467624656,0
753005472,0
89709739,0
1150953997,0
1297462133,0
571049473,0
814217699,0
632592328,0
530260181,0
7419454718,0
488750886,0
1152743952,2
642719308,0
8387235458,0
753597330,0
461229416,0
528509423,0
749851854,0
1152547128,0
515492422,0
734359253,0
830357766,0
745866117,0
1398360868,0
124476321,0
496861044,0
614452046,0
719675688,0
566339179,0
1131555387,0
85067066,0
477552038,0
8412392364,0
826757794,0
527172163,0
642772810,0
1152375404,0
488315852,0
1146413130,0
1148290265,0
1439774196,0
88164098,0
626305392,0
632764378,0
58593944,0
1400859461,0
1154116071,0
742221621,0
84708198,0
1153826234,0
1152988132,0
1026700816,0
825516009,0
85188387,0
737501493,0
1144182191,0
1057806187,0
3109678433,0
756908203,0
734440895,0
7430431013,0
10151507875,0
1129134707,2
85466476,0
564143409,0
413772330,0
395488026,0
566064208,0
1153341808,0
450947314,0
512428231,0
332007495,0
429633881,0
811544938,0
334479657,0
564997271,2
616174510,0
732057343,0
648537911,0
1032218769,0
465598285,0
572208525,0
633526072,0
1395073835,0
8299399731,0
1033918729,0
1152784651,0
712207991,0
464767014,0
7299868171,0
108192612,0
64975005,0
3151384216,0
1152839850,0
735835039,0
4109522286,0
749285077,0
647708952,0
647285592,0
1010549673,0
435006869,0
562991095,0
738317309,0
87516417,0
640198749,0
1145825435,0
736451951,0
1037034202,0
1392319431,0
1408084764,0
3104545928,0
637424829,0
1153892658,0
1034141946,0
445471136,0
1153485922,0
513357875,0
585579559,0
8438331989,0
1126424246,0
5297059351,0
79363526,0
647897597,2
453643150,0
429074929,0
1032888444,0
361044590,0
516163134,0
460878414,0
822955761,0
457946125,0
722321542,0
596258877,0
105055690,0
753897578,0
132562131,0
630979262,0
723398657,0
384250840,2
633721736,0
123753297,0
3151634857,0
817672515,0
132329515,0
748709872,0
1403562428,0
10299005581,0
437794331,0
5115298606,0
759368102,0
514677338,0
497314623,0
616683238,0
1037246697,0
612314575,0
512880578,0
345268561,0
450324911,2
66575311,0
1144347090,0
344936143,0
453562957,0
479508410,0
87009920,0
464647812,0
84684212,0
6399083134,0
392362412,0
436882648,0
6425865963,0
88902319,0
1050475545,0
614460298,0
7297014670,0
3112465758,0
1152996716,0
7441557208,0
86055780,0
8436564921,0
1128598945,0
524337836,0
1153011751,0
1153246875,0
3107010002,0
811687877,0
5113441969,0
44779211,0
3152003379,0
648395811,0
3387769522,0
432420002,0
1034638082,0
1435606057,0
5443476287,0
85291724,0
1153853296,0
7296778872,0
1039222875,0
634777150,0
627362263,0
328707153,0
3422646740,0
5119767861,0
615664849,0
1131588335,2
5101802349,0
79382180,0
345261822,0
434348042,0
1153704989,0
74358443,0
1152385357,0
75545451,0
449592964,0
85694453,0
646881249,0
829133582,0
1148651417,0
1387809438,0
79072678,0
59132189,0
450994800,0
7409521154,0
1126795462,0
1045987827,0
117331684,0
5399514643,0
1140527745,0
527496425,0
4108679906,0
1146464478,0
1062731701,0
1408597896,0
747394984,0
432286286,0
332571667,0
7417672115,0
442346109,0
7219678825,0
1152584330,0
1150685051,0
370480982,0
4440201668,0
566280172,0
346178997,0
376371948,2
1151115508,0
4100103136,0
565303581,0
365904182,0
569727523,0
752746793,0
811607698,0
635621288,0
45275066,0
751762840,0
466641779,0
471421346,0
488591933,0
618313168,0
44778581,0
8414566536,0
3380432541,0
1425459563,0
109179590,0
615674922,0
3408167310,0
1037419729,0
1145221466,0
4406041294,0
1152848424,0
1129341739,0
66091192,0
46621148,0
632926588,0
1046778420,0
646124340,0
814815094,0
1146140229,0
1148676750,0
758399192,0
1153057044,0
1152336994,0
564008423,0
85193848,0
5123738268,0
3109672988,0
1154125013,0
1150292716,0
121564365,0
451089818,0
1152318238,0
8429669156,1
77432840,0
1141829399,0
1148641484,0
585526556,0
1013222665,0
514400534,0
826005604,0
726151692,0
1014744243,0
1017023805,0
636306171,0
1144253691,0
732550637,0
3379954859,0
1148348030,0
1026167358,0
384695653,0
1148548450,0
337912272,0
10389620619,0
570725302,0
1147029930,0
564225691,0
4108853058,0
831322382,0
3402062735,0
736902918,0
1073720913,0
1075805044,0
726143313,0
1412949021,0
1142538834,0
87308279,0
1148724944,0
528191416,0
439883986,0
154531466,0
56850042,0
1030619121,0
615674297,0
1154400466,0
8380544729,0
1153966660,0
1026916742,0
1387466874,0
8219819755,0
1400282057,0
517190888,0
441646029,0
1153209404,0
642914489,0
1150954277,0
1143634494,0
819808670,0
1044005796,0
742672915,0
635139081,0
7398613200,0
624742833,0
1016910323,0
433950198,0
647881868,0
753852656,0
632660594,0
1154356985,0
732155118,0
819843746,0
334926067,0
6400920992,0
632314975,2
759842875,0
397787124,0
636022824,0
122285276,0
109647853,0
1014821506,0
1012674596,0
1153889472,0
84925760,0
8430364390,0
599047958,0
433810200,0
109571283,0
634962144,0
1033454312,0
811044525,0
637410865,0
830478216,0
444353403,0
1429175033,0
719672262,2
1387826694,0
5123104691,0
647758839,0
622544878,0
8220379376,0
1128783668,0
1047830369,0
363795412,0
754240893,0
754563158,0
813301288,0
6377090090,0
7414034182,0
450040429,0
522512858,0
7442916224,0
48970947,0
730305528,0
377961660,0
1145730295,0
3392108098,0
1046132389,0
751259459,0
568279023,0
67817837,0
1151206779,0
817324330,0
3152245034,0
6165038677,0
1152782978,2
7164490102,0
1148253402,0
1147762796,0
1440959058,0
443652332,0
1150395529,0
74420994,0
4388424123,0
3151466201,0
8414564620,0
435661218,0
337460723,0
1017944626,0
1412967792,0
1153019113,0
1047713141,2
10379099477,0
1153879675,0
1152535923,0
453284947,0
627913509,0
528204135,0
86303421,0
567080258,0
1297480774,0
57549164,0
810492394,0
1137768039,0
3151479821,0
468952136,0
818777561,0
16614080,0
1151125326,0
79606506,0
331800603,0
643887264,0
1152639158,0
619799362,0
4214011024,0
612313697,0
6220899559,0
333574369,0
567386781,0
1154391012,0
642873801,0
1129398227,0
564339715,0
639753368,0
5118120106,2
634468465,2
713922029,0
4165965543,0
66808960,0
1151343038,0
753814992,0
516423863,0
647943195,0
3399358810,0
4299612841,0
368189269,0
3151404648,0
5122480513,0
123742171,0
443374643,1
1152292324,0
484187158,0
1125928863,0
1038064586,0
116645795,0
489074423,0
757306771,0
712775707,2
86295748,0
89821276,0
1145653079,0
3406996094,0
756635409,0
1071982686,0
156359883,0
3151865186,0
89722418,0
450084675,0
463708758,0
717601022,0
813995595,0
117332014,0
345478853,0
758594203,0
1153113730,0
735429758,0
1099212573,0
47120281,0
86052357,0
727202801,0
743231415,0
86916105,0
346042146,0
5117055317,0
131107144,0
68604718,0
1148487567,0
521420191,0
1096605047,0
611122405,0
1144027587,0
1153755872,0
463473318,0
739334729,0
84926482,0
312546290,0
736997782,0
366932516,0
610855872,0
753179136,0
641288960,0
474197588,2
6440506440,0
567524173,0
822433305,0
1034535032,0
5120100255,0
633671447,0
747262031,0
8400145414,0
1056913019,2
1425470367,0
1150961040,0
465646428,0
336544193,0
1052477367,2
1014626683,0
1139779121,0
121568630,0
1152393779,0
104407933,0
1402463144,0
810238992,0
451232044,0
1152712912,0
1429164537,0
466713934,0
1154071481,0
3110543747,0
648354743,0
1076866521,0
623049510,0
66328832,0
757034806,0
1150587761,0
84573372,0
632404773,0
154869752,0
465491453,0
460860946,0
1148573772,0
1153101679,0
526074808,0
78522557,0
1385005442,0
117338685,0
812707059,0
1420001282,0
1147864453,0
740174438,0
164783390,0
750020191,0
1145994796,0
48156989,0
449723848,0
530616290,0
1047655925,0
474276721,0
3396202862,0
450129874,0
449099776,0
1146464438,0
739449560,0
610151939,0
371731957,0
1154057134,0
1144291546,0
610862176,0
734199761,0
562106418,0
470137218,0
1153030667,0
831377504,0
562875460,0
432270349,0
1213697834,0
469135860,0
1147855613,0
1045313617,0
1147088856,0
575212128,0
364930811,0
8422560909,0
1380140926,0
1393917656,0
1152900079,0
575002987,0
573808376,0
721259344,0
14746235,0
461188579,0
1153988026,0
3151387334,0
449997325,0
590576486,0
810903387,0
1152530011,0
66087142,0
1153996272,0
760099424,0
86356276,0
5385863138,0
817127426,0
10407981489,2
1026640207,0
1150458103,0
433194258,0
6381000812,0
452107607,0
733059972,0
3411158751,0
447110031,0
741096762,0
345333429,0
1440997719,0
1154073420,0
563288552,0
827742212,0
8392080312,0
1435598753,0
66570539,0
461300012,0
1297551505,0
85439113,0
4422790767,1
8421132333,0
87825211,0
15661332,0
1152277740,0
1150274786,0
522498728,0
89645793,0
818870304,0
636753591,0
1049225063,0
820942843,0
360519813,0
8435496904,0
442202419,0
521759029,0
84811456,0
1152291766,0
439184670,0
496901810,0
572048082,0
740814228,0
68610826,0
1154194969,0
1153870087,0
117738880,0
68865982,0
1039000114,0
75095519,0
1131115040,0
5102320409,0
734601425,0
3151462409,0
5438262366,0
337673317,0
447102111,0
814926815,0
86102581,0
8380683560,0
85045109,0
1148985747,0
637153011,0
562968030,0
627913882,0
1129430179,0
384350530,0
1146478361,0
1033638961,0
468991575,0
109487717,0
310531476,0
450951923,0
1153484531,0
77733519,0
1010793036,0
565307779,2
8299842523,0
1152279752,0
757226222,0
166763446,0
1036226338,0
1033917674,0
1026731612,0
562850663,0
3152126727,0
84446824,0
1153835007,0
7220086356,0
1134154593,0
1151111278,0
3116503037,0
3152113677,0
392288902,0
5378924646,2
3220362061,0
3151501762,0
1012626093,0
345703232,0
813467400,0
84691673,0
14747619,0
1031958483,0
629972505,0
612551627,0
1150481837,0
816034306,0
633380666,0
1011692360,2
514137756,0
338094430,0
734047227,0
4395748786,0
452716408,0
1423700223,0
643624193,0
824406830,0
648308012,0
627920784,0
750010807,2
15832413,0
514659946,0
84806287,0
569788391,0
88308151,0
573360572,0
85049966,0
742815953,0
427000331,0
1154387050,0
477828508,0
3388933610,0
88997565,0
637251522,0
1036849300,0
1132534657,0
76260409,0
431914459,0
1143636612,0
6397587218,0
744378182,0
585231066,0
3152207245,0
4106145235,0
1153883905,0
1135321742,0
68868650,0
5118735750,0
3151621585,2
7397695800,0
10391134641,0
1025589356,0
3401665202,0
593749158,0
469037583,0
1136019207,0
7394242035,0
3151560511,0
635788933,0
345328163,0
48957387,0
578414930,0
3112596346,0
88105232,0
3151576908,0
109309704,0
733443262,0
1146677798,0
485956832,0
84446665,0
1389776733,0
7412624130,0
631907364,0
1152965155,0
310855603,0
824913685,0
488341584,0
1402820804,0
1149123629,0
756816846,0
87595998,0
1299700170,0
1144273263,0
1154366109,0
6165788688,0
87320827,0
3151563128,0
636058453,0
1152474561,0
1127798559,0
7412623115,0
1033489282,0
154777963,0
6424495140,0
1148250694,0
634712829,0
86588381,0
1152394454,0
3151376411,0
4394875793,0
523937161,0
1010389932,0
462363009,0
483836596,0
612914993,0
1154028643,0
8220898100,0
88448538,0
1150044754,0
6377671251,0
454610546,0
483759805,0
1143031486,0
331118510,0
1146211148,0
84489702,2
614853093,0
1152811952,0
1397747943,0
7428578300,0
1153129187,0
88695689,0
87012990,0
5407446816,0
752103172,0
810996419,0
5419364825,0
5119396174,0
3151530972,0
1066062743,0
519569624,0
634966692,0
313730772,0
5119659984,0
1152272530,0
78797389,0
1152923233,0
361142298,0
494261283,0
429087602,0
1050583772,0
159190627,0
754758396,0
3100672678,0
8428095193,0
1153048431,0
84493387,0
3399356059,0
564979183,0
85179263,0
1147908580,0
1409297068,0
712453662,0
824049963,0
462348577,0
1146868365,0
511473048,0
757060430,0
1146499445,0
1152305481,0
110510537,0
733055026,0
613265650,0
583015308,0
8433293638,0
1149162141,0
817409102,0
741939907,0
1153204146,0
3401254677,0
1154078949,0
3151666629,0
346060455,0
395608826,0
79025828,0
446457209,0
632005679,0
5397437994,0
1068630809,0
332735515,0
1153521821,0
84915590,0
1152768573,0
3107042245,0
751707080,0
810022096,0
8396788223,0
123379068,0
438527729,0
1147187877,0
1149231484,0
74374808,0
10391648365,0
5418429689,0
86304181,0
579087092,0
10153941274,0
810095096,0
86336950,0
1153826829,0
733140745,0
639020587,0
434181075,0
3406466954,0
3390071492,0
7380125919,0
1138654191,0
1152333274,0
816093210,0
717029202,0
569853269,0
133369366,0
1072206532,0
334533945,0
631889099,0
1154079367,0
1378654742,0
633991067,0
1150680228,0
86594883,0
715554940,0
734197201,0
450718829,0
370504292,0
7422985914,0
736537959,0
1147710868,0
106438224,0
1148953472,0
84429024,0
563094443,0
6429085627,0
1153866409,0
472951420,0
5382269231,0
1010919516,0
1034655264,0
1154268477,0
513852319,0
434275012,0
65844424,0
1152493075,0
77734221,0
112343106,0
725603745,0
516100406,0
8422119704,0
1145810479,0
738025441,0
518606462,0
632833867,0
44775648,0
441354417,0
120840822,0
715958354,0
469177169,0
361473748,0
1152483913,0
84926197,0
84932645,0
345632069,0
573392363,0
1065909290,0
1050768685,0
637326924,0
87589373,0
514436616,0
1153880178,0
561893123,0
1152791076,0
635055179,0
713150974,0
85182046,0
4424431672,0
448475962,0
618816131,0
1136743557,0
1146730355,0
132488865,0
67572677,0
569832601,0
434413353,0
10395719967,0
733713509,0
1146551637,0
1148380449,0
637351120,0
748609556,0
75412375,0
830391265,0
67063526,0
569835370,0
1137259578,0
5115151132,0
639053201,0
462368526,0
1026898266,0
85813437,0
4106122152,0
827589922,0
438310722,0
3424604943,0
332016197,0
85871368,0
5124203332,0
1148794028,0
88370311,0
1029539224,0
647028563,0
360033405,0
433260233,0
88368857,0
453430282,0
1153539271,0
568799173,0
637724061,0
625239884,0
6394995717,0
731737899,0
10123461035,0
8220377343,0
758012372,0
1053924867,2
84492620,0
7439421786,0
123023658,0
566233943,0
744655402,0
643416859,0
610147514,0
811426251,0
5410564028,0
1400216195,0
345709824,0
1066976375,0
570834202,0
7165117110,1
831385492,0
816716597,0
10376873978,0
84797687,0
634723586,0
77247789,0
7396182175,0
345266401,0
5113431981,0
1012798903,2
717567744,0
124132345,0
1154285145,0
1148924659,2
749771034,0
1034955482,0
529565221,0
143377806,0
5398321450,0
736537531,0
121189487,0
425448715,0
636824245,0
1148682809,0
1141976558,0
830686215,0
1154156570,2
822606243,0
3151434143,0
4394165125,0
1039338222,0
563255637,0
723399899,0
74417852,0
1153571127,0
562089682,0
1138535327,0
625813933,0
67559315,0
1152833662,2
755164965,0
755035635,0
1030841941,0
4428517628,0
639472065,0
749689435,0
371666051,0
1153397611,0
438213630,2
1147960538,0
752227538,0
5122459846,0
583306614,0
1152831410,0
1146906025,0
1147200118,0
749116298,0
7220928089,0
77230728,0
525053168,0
1153854761,0
330765840,0
4406383812,0
66086976,0
633787440,0
613655758,0
641564871,0
1152518948,0
1153240583,0
4100001021,0
384384629,0
88703900,0
463475985,0
512419326,0
84577768,0
1414061443,0
10151546911,0
819219324,0
17806386,0
610356213,0
7296999566,0
634154714,0
1039583826,0
1150566353,0
1042207946,0
1148817752,0
596051428,0
610144973,0
5113497091,0
123030552,0
5121139311,0
5113021933,0
366818733,0
1066038736,0
166757991,0
646772912,0
7418484000,0
628943173,0
457959616,0
5116881969,0
1148858985,2
114834663,0
5118687618,0
118058875,0
1054638665,0
578349886,0
738534463,0
1015736337,0
1152952207,0
617223423,0
1050663213,0
104806142,0
1036707448,0
1153250051,0
5118210394,0
321213513,0
1150681544,0
637523363,0
1436665831,0
10387064549,0
89800718,0
1037181309,0
3151740697,0
573318544,0
1213836167,0
561983971,0
831223164,0
77759802,0
593522037,0
744650715,0
1152442812,0
1153861770,0
819251840,0
1149208393,0
1064389269,2
3151962018,0
522506460,0
336625142,0
7425469833,0
810542711,0
757508001,0
720702208,0
1143977494,0
104667294,0
109804205,0
1149993511,0
732725831,0
121570659,0
717565054,0
55488861,0
5120666733,0
592974943,0
810179001,0
755524326,0
523609667,0
89255362,0
1054405701,0
432606721,0
1033934010,0
737406912,0
517519737,0
638351330,0
3151440767,0
3400451517,2
1034930716,0
45522286,0
474447963,0
1034016638,0
88994778,0
610617870,0
567064175,2
132847144,0
1138063304,0
88819719,0
1434816067,0
1050355194,0
120832854,0
647475026,0
1153487852,0
1034626730,0
4395764681,0
1153230952,0
384525457,0
815749380,0
483470046,0
5120788413,0
6394029193,0
1152268170,0
3152050994,0
85480426,0
57680088,0
1152307648,0
1020710918,0
446163194,0
1152500370,0
65843806,0
336874542,0
76992806,0
84501649,0
573545835,0
1143079429,0
637831224,0
511296510,0
329066803,0
1034548592,0
585653518,0
8381198028,0
3151432028,0
1153858774,0
1153221273,0
86336779,0
449306426,0
132555920,0
1152297154,0
335922774,0
810556591,0
811939213,0
1034456773,0
511300965,0
521793756,0
564976267,0
454612967,0
4103428009,0
432429642,0
1153898187,0
637624130,0
581063689,0
831593538,0
436363685,0
86661558,0
7418237115,0
1149946027,0
1148327000,0
1423319984,0
633393289,2
137663978,0
57526835,0
488754004,0
4408282576,0
371815234,0
1152495047,0
1421444350,0
631984688,0
1019973343,0
1048052957,0
3406586314,0
754296469,0
722339068,0
1046675000,0
1146546292,0
4109367974,0
333834724,0
1150379871,0
1142825796,0
3112509718,0
1148627491,0
1060614510,0
1394610788,0
4403263604,0
529950002,0
626310293,0
483379327,0
4382216005,0
562870526,0
1403500554,0
727728817,0
568316635,0
1124763294,0
336331836,0
411760095,0
15832625,0
563949198,0
85873000,0
88640935,0
1143660730,0
5417867680,0
1148555315,0
438313842,0
10102272777,2
1154283016,0
811243893,0
642289550,0
1016336436,0
578757639,0
741377230,0
85690544,0
7399751752,0
758147397,0
6382358901,0
1154050773,0
736453882,0
613654523,0
1148349294,0
4430333725,0
1053075752,0
521795868,0
737710417,0
632403396,0
1152929429,0
735751007,0
5438788557,0
1063790138,0
443229474,0
755472729,0
1148025751,0
727219730,0
637823726,0
86523987,0
361152555,0
739915314,0
1146212866,0
363815041,0
1045700868,0
1050499897,0
439638044,0
1126563116,0
731847237,0
1152518121,0
7430375383,0
7392721019,0
750403285,0
8390227494,0
395040798,0
752270417,0
562878311,0
1152581722,0
115329829,0
1440165562,0
759041924,0
1152499654,0
497628515,0
441076911,0
443499361,0
1031951893,0
454516372,0
822576706,0
45038362,0
642615685,0
1154235832,0
1032309598,0
3431927756,0
5112897952,0
632756107,0
44556593,0
733504635,0
55498833,0
1136242754,0
744090285,0
1153489869,0
562945226,0
1132169581,0
67304646,0
1153598812,0
1137700767,2
105431711,0
88972254,0
106783342,0
1060899411,0
810377041,0
1154276430,0
1147918463,0
10377432992,0
737000899,0
1438241814,0
529948144,0
722910411,0
88617064,0
510934116,0
1421991944,0
1047779049,0
16319213,0
345260526,0
7418493254,0
1036715588,0
137664584,0
87599099,0
642917438,0
3151708056,0
523226613,0
87649945,0
567066493,0
713938742,0
573392338,0
447923240,0
626309418,0
64975705,0
1148299377,0
829109729,0
811447443,0
1152714421,0
565046049,0
829736355,0
640778132,0
810239052,0
7390043385,0
432278172,0
3413974046,0
443224021,0
636040444,0
10151996659,0
811794004,0
827055823,0
639682891,0
585027835,0
1152520189,0
725096393,0
68340422,0
1128114056,0
735432558,0
5118434659,0
754538822,0
1033647970,0
1152688715,0
325578045,0
1152291691,0
449125075,0
635702108,0
1153801414,0
88840644,0
631743718,0
587931840,0
1154330179,0
1037149119,0
443506552,0
641486549,0
3101591654,0
85806561,0
1153587213,0
1153904609,0
1152785610,0
323032362,0
7398560788,0
753959280,0
84492732,0
1049761163,0
1136289213,0
1134866020,0
127339230,0
1033359476,0
751942594,2
112975953,0
1036654029,0
1152537030,0
5105279458,0
1021599603,0
338149872,0
88096079,0
361562799,0
1126231850,0
813293424,0
1150977944,0
621967519,0
599066887,0
109391326,0
759480573,0
1141029149,0
732815446,0
4299686093,0
6393284278,0
74875229,0
3151967431,2
830026710,0
131771607,0
5104826497,0
1034402131,0
1145908104,0
1140147131,0
450421435,0
812698693,0
718121789,0
514958875,0
455440475,0
614852501,0
715983897,0
1031883939,0
333165535,0
1411417971,2
3427945963,0
5124662165,0
1147119799,0
633315690,0
645190908,0
1434831963,0
1045807508,0
819028148,0
1146920132,0
432354709,0
435381625,0
320465156,0
432719550,0
8392386389,0
1152839441,0
88434953,0
569794567,0
7391484204,0
1145733209,0
1153098958,0
825658423,0
10151643361,0
4377947474,0
1153528403,0
1133971953,0
1125328149,0
452313950,0
3151555827,0
1011547819,0
1154012143,0
143252411,0
1130629053,0
734124997,0
1134962313,0
812136493,0
712176594,0
529195775,0
633656677,0
1152661792,0
1152504420,0
624169636,0
5425067058,0
821535791,0
166753673,0
433632504,0
715106356,0
415365931,0
1017927935,0
110511795,0
830417498,0
1153534671,0
1142623144,0
1153828364,0
1011543428,0
1398617059,0
595767379,0
38653799,0
1153703470,0
831522555,0
1219882237,0
88455142,0
5108123508,0
6404749643,0
361481144,0
345001661,0
820068168,0
584906260,0
75403659,0
1153918030,0
85856510,0
3104217040,0
472860492,0
3151482306,0
7296923045,0
491795509,0
107516356,0
566064951,0
1434441859,0
344805813,0
739786185,0
3379759310,0
739444386,0
737406454,0
1152760005,0
360597922,0
528515102,0
740173798,0
1402664008,0
571923849,0
1128749448,0
1148926424,0
637241305,0
422176405,0
140693175,0
718635741,0
823807267,0
49765820,0
5432026179,0
5123776848,0
1144155783,0
456587616,0
1438620269,0
1149695188,0
3104073116,0
6165062401,0
1023768990,0
107789781,0
734442815,0
336275283,0
755629874,0
1152742220,0
643754415,2
576878673,0
568628686,0
10151408136,0
78015996,0
1148036948,0
4109306358,0
1414132644,0
5377437082,0
1028588337,0
1037427232,0
1034627060,0
4437154349,0
1132817629,0
821851922,0
338023469,0
733707077,0
445647036,0
453475473,0
758635345,0
85057363,0
364833026,0
732049221,0
1030859863,2
362636891,0
332964027,0
331947253,0
1383614524,0
7423407642,0
434271761,0
587729936,0
499936212,0
1153875432,0
741384757,0
637129209,0
753382556,2
55009972,0
565306844,0
481454943,0
5124457727,0
733578247,0
1152935535,0
334523221,0
86587434,0
1052091503,0
345974666,0
177907305,0
5118502283,0
633006337,0
1034706062,0
491118709,0
633466898,0
1148091152,0
134421437,0
645440792,0
6379079401,0
753069000,0
563369290,0
1019658621,0
87138615,0
464698525,0
1032537517,0
1145833794,0
639944460,0
5121052042,0
7413730758,0
1141342916,0
1146369948,0
1152617755,0
6298373104,0
1154245539,0
88999156,0
751028081,0
87323371,0
75752180,0
641825102,0
512892040,0
812585232,0
17282976,0
8430103566,0
430627494,0
631989356,0
10151469690,0
562212848,0
443942395,0
88179022,0
1154362130,0
1435637032,0
565149502,0
1434767112,2
572113249,0
6417481856,0
45029252,0
310676355,0
374668910,0
58068201,0
569983429,0
1150753871,0
633720109,0
620340758,0
452425204,0
436267154,0
1154432665,0
88169674,0
1152435167,0
79025674,0
131791539,0
525370989,0
1150051521,0
1146915894,0
7408536414,2
521786440,0
8425095463,0
1131271510,0
727233049,0
610143654,0
443502158,0
648742166,0
6298077051,0
1146319854,0
86589333,0
1035469241,0
3110139629,0
34767906,0
732372935,0
345840294,0
811071155,0
432524249,0
1064640328,0
810168710,0
829656592,0
46621142,0
8420095037,0
1048391876,0
88171705,0
565153407,0
315341671,0
89808859,0
1153017229,0
633982461,0
1152715888,0
1014428470,0
87502424,0
1150678040,0
5124368075,0
567414195,0
513114507,0
4100332964,0
3107593847,0
635457423,0
318799948,0
566104330,2
6165026400,0
166758433,0
5119327837,0
1151314007,0
642697670,0
1403988438,0
453861138,0
631756082,0
4422719052,0
87772927,0
731849284,0
5114854252,0
1023415569,0
1154014374,0
728733103,0
338089513,2
1152748757,0
1054135742,0
105923314,0
623051206,0
122656850,0
5116775168,0
10396797116,0
1020168136,0
646698974,0
84319793,0
1149088371,0
1152430879,0
638333945,0
528181895,0
345147035,0
632314568,0
5123674033,0
1130765705,0
65459955,1
10424704270,0
1146400952,0
1032143712,0
1153039421,0
616173872,0
8409512229,0
7408549331,0
363818739,0
1146482009,0
333649967,0
338100708,0
1401150499,1
10299292157,0
634716664,0
726649963,0
108071853,0
1037035717,0
1153399774,0
345260369,0
10414926363,2
640863976,0
510110587,0
6296857208,0
1152625506,0
471470700,0
1154334290,0
1154004683,0
19432851,0
1133084897,0
159941357,0
84739415,0
7391466974,0
430635183,0
449959290,0
362664160,0
5119136659,0
7387071342,0
641430112,0
4425218734,0
1152659335,0
472782525,0
830673273,0
1023983152,0
1153845642,0
1150033312,0
1153763610,0
435659993,0
106446172,0
1137117945,0
5381042418,0
1133858769,0
823304294,0
820090478,0
85239272,0
753084718,0
464629698,0
1045784786,0
1435587293,0
1151254045,0
84311832,0
1150935179,0
438314712,0
1154207241,0
564005437,0
6220720731,0
1150366899,0
6297177986,0
65647720,0
87578805,0
736451977,0
4430824535,0
1138862114,0
636646904,0
371885342,0
1130113137,0
1153794708,0
1152695878,0
719157637,0
631911049,0
566093581,0
1148813656,0
89244705,0
1137256593,0
86171459,0
1152596489,0
733357017,0
5429046622,0
575108840,0
434822019,0
644695202,0
437363057,0
1152917043,0
3401706361,2
756905639,0
5118995640,0
1058134511,0
512054106,0
621444607,0
641248286,0
382307784,0
647205720,0
812819885,0
1134251134,0
334811220,0
1066864030,0
8380411855,0
8423637908,0
1153947363,0
739217828,0
465563618,0
6386167783,0
46888122,0
738024253,0
68082720,0
89393707,0
1149045461,0
570909289,0
335919908,0
336016269,0
1153618275,0
831299901,0
7443119831,0
824646000,0
333323372,0
1408228372,0
619797909,0
329737688,0
1393068547,2
569788327,0
815413155,0
1144553188,0
434350313,0
6427105722,0
810029067,0
449253682,0
5110617215,0
1141039389,0
571053593,0
1139961329,0
1125431765,0
3110450644,0
435647038,0
738229691,0
68341185,0
1050757236,0
88840268,0
85239681,0
418465386,0
572520759,0
85058805,0
736280414,0
448368617,0
89660669,0
1153349964,0
813325013,0
5102373610,0
88023952,0
1154156096,0
59490250,0
439660666,0
1151124601,0
572045561,0
477458674,2
7165276286,0
7413285768,0
5298851309,0
1148911290,0
739450288,0
4394721392,0
86035621,0
1070713213,0
3426362094,0
333020477,0
1033575191,0
433961372,0
84583330,0
1145612941,0
1150822447,0
10151457293,0
575068483,0
344808114,0
84744767,0
122656126,0
360516898,0
86825537,0
463717463,0
68341286,0
3112515479,0
648445649,0
333166732,0
1152396198,0
642885649,0
1152378710,0
78231569,0
346179909,0
338091222,0
735832443,0
84731680,0
611680580,0
1053994847,0
14283352,0
5120784677,0
423264280,0
635615444,0
7391268971,0
454527980,0
84928298,0
1152862171,0
389773364,0
716509860,0
1154339139,0
1153949574,0
1152303015,0
565116465,0
826330990,0
123023807,0
642186280,0
1154035443,0
632083738,0
746986231,0
4396117036,0
562150058,0
3113921785,0
118064128,0
68611078,0
115332503,0
68864144,0
69160289,0
131104691,0
593111445,0
1148437758,2
1036292369,0
86301572,0
422683192,0
3411853174,0
365778715,0
644287843,0
571942353,0
644543884,0
1011279777,0
1392487373,0
1153348160,0
564018816,0
461291573,0
732306299,0
8385894949,0
164782205,0
1165136120,0
635627595,0
813414408,0
66806237,0
1387785747,0
1048451929,0
3425961062,0
1056152370,0
3112551674,0
5105107597,0
562787460,0
1069653519,0
1150878891,0
1154046049,0
752728095,0
578243373,0
126621199,0
1144033345,0
629424362,0
86824944,0
630988322,0
1152495368,0
637764781,0
1154288542,0
442939564,0
424891194,0
1041659536,0
714283285,0
1026049007,0
1070660964,0
576819449,0
522112844,0
830833594,0
491208172,0
1152682488,0
1052566144,2
820881481,0
124861596,0
1164931370,0
329062446,0
1034770265,0
1154026030,0
5123574368,0
331795816,0
1038336953,0
1036915652,0
1392276835,0
747532950,0
10123870402,0
467621942,0
514966936,0
440675319,0
334061288,0
525773562,0
632096033,0
619800967,0
426510024,0
472924023,0
648752792,0
830886272,0
323037810,0
1154400649,0
1050360851,2
451341814,0
1019577605,0
106068975,0
1412727479,0
66330949,0
449683636,0
820957603,0
414575762,0
450662458,0
1153794395,0
3151717004,0
368183694,0
632094380,0
156008685,0
335189402,0
562850039,0
1031280128,0
7411118701,0
638553092,0
464540484,0
1149395633,0
459186824,0
451052041,0
74376051,0
3152167191,0
14286694,0
86597358,0
1054396829,0
452303931,0
569808665,0
88696956,0
425447492,0
132953583,0
15667640,0
741808515,0
1025012356,0
1038272360,0
86901156,0
829514327,0
381931524,0
345276724,0
811996539,0
359971542,0
718115602,0
336720799,0
1133569024,1
4103260735,0
3112307835,0
10417580421,0
5439910568,0
7386709154,0
821658373,0
732547101,0
573680544,0
743673319,0
371885521,0
1010553107,0
47373034,0
3400761449,0
1154403234,0
565229227,0
435665243,0
3107620866,0
5123748050,0
530924510,0
830198960,0
5119558267,0
104570476,0
752997702,0
643007107,0
6397026917,0
596385562,0
452501867,0
1066162723,0
7163990912,0
432881841,0
4413403805,0
611128093,0
1153396240,0
1144890760,0
413401659,0
365743850,0
121574976,0
733201193,0
578561682,0
632407162,0
1419659048,0
1025167969,0
744980164,0
317744317,0
582484973,0
1152692541,0
1153906678,0
84435321,0
633302131,0
1298231193,0
634142548,0
1134728444,0
1150586057,0
1135736275,0
1408388955,0
1018642469,0
1152525006,0
1153153465,0
7220079271,1
3151388581,0
447517606,0
1137258741,0
3101546911,0
436073720,0
345849501,0
644876658,0
1126376665,0
1039162800,2
6419442783,0
725091408,0
371818243,0
5122603655,0
587770253,0
10299225260,0
5120912698,0
10425093489,0
756872022,0
1143655067,0
1146766868,0
1154077062,0
1125927317,0
615673330,0
369428158,0
57162606,0
1153837723,0
1149698622,0
59836374,0
443085057,0
530893415,0
1153928902,0
756416947,0
753992267,0
365798289,0
114531125,0
752622508,0
59842909,0
3116339529,0
432101253,0
816255290,0
67560827,0
444209264,0
1015951473,0
85812144,0
3151405573,0
336672044,0
1025234840,0
526487087,0
379971569,0
610153571,0
5221049724,0
87320574,0
88553203,0
1013899475,0
108105042,0
6164696296,0
637723840,0
1011807473,0
457090273,0
3101428913,0
564350661,0
516164952,0
1010023234,2
3151976641,0
718140939,0
630446975,0
628946000,0
3151374953,0
754744616,0
714282085,0
1154296631,0
1435318361,2
715132712,0
1378240671,0
585482770,0
444341899,0
715571369,0
142639206,0
1142617232,0
75101663,0
460938005,0
6437789752,0
7165391629,0
523607173,0
1066342291,2
75152319,0
121190584,0
5123921252,0
1148315716,0
528532664,0
562175589,0
823889992,0
10394995959,0
8392058571,0
1139865905,0
6125685014,0
344805249,0
1152910768,0
561757354,0
1071714892,0
638374447,0
736538685,0
443064271,0
643331488,1
362667920,0
614444798,0
1386724168,0
84441055,0
1013129550,0
69701457,0
87510161,0
817673391,0
569869766,0
1153991160,0
1127025029,0
88827732,0
57862023,0
1153910679,0
142383498,0
1152972245,0
735506076,0
1126079576,0
463434723,0
76227589,0
751518089,0
1044991289,0
486592788,0
713517503,0
368022177,0
648305277,0
5421632385,0
580351020,0
1023694805,0
376112903,0
10385910386,0
1149198800,0
464698476,0
109020232,0
1035573179,0
464647863,0
3114346820,0
1148984441,0
387015926,0
8410683429,0
1130556164,2
419460092,0
85055265,0
373101252,0
131694136,0
1146385974,0
812011228,0
1153932122,0
814805289,0
331880738,0
582362407,0
1020089423,0
458448105,0
423266488,0
376210404,0
86533785,0
634877115,0
737605639,0
751219830,1
596253661,0
373033874,0
1143291590,0
88032219,0
1423117493,0
1053235558,0
86589972,0
1135256126,0
822375598,0
3107268279,0
640083102,0
477286481,0
1153135448,0
346177006,0
510913677,0
752038232,0
1128970801,0
569963517,0
331127438,0
1146780171,2
1130537366,0
1147966702,0
86783331,0
568370820,0
8390491100,0
10124087611,0
345326564,0
333830329,0
494256401,0
1055515520,0
810029199,0
1152702355,0
713148516,0
737710374,0
4381500556,0
89001564,0
452978180,0
1152293068,0
567096494,0
644133464,0
634305563,0
1154413465,0
49529250,0
1434445710,0
572013897,0
155895717,0
637923984,0
811413788,0
1012555919,0
618305663,0
1396610781,0
1153945425,0
124489546,0
85470206,0
451153423,0
1143452770,0
338093792,0
3152231580,0
712212501,0
6398636867,0
345689936,0
718649666,0
116274993,0
418450973,0
1152371623,0
733440249,0
1380969562,0
398263300,0
571073201,0
5114831937,0
59505917,0
1134931768,0
3151902699,0
1136358862,0
1381577940,0
1154004629,0
1152303061,0
591007693,0
326299395,0
6417549533,0
524294622,0
816929231,0
723440296,0
86116609,0
5115000480,0
414178473,0
1150431646,0
87508169,0
1379318023,0
1298992544,0
1019921944,0
641302801,0
89193932,0
1016914917,0
56078260,0
526067674,0
4411482310,0
389949140,0
587928083,0
1153754131,0
4396489577,0
726185980,0
338090269,0
1390164211,0
124852453,0
1148463589,2
566211098,0
643415457,0
744088227,0
633538891,0
333168855,0
747391336,0
332908316,0
444794299,0
635442562,0
8213033937,0
3101540506,0
387267333,0
445834311,0
1129420890,0
612318706,0
389267785,0
637761925,0
85474893,0
5119290312,0
1391755932,0
449682286,0
1153714629,0
1154076566,0
750246648,0
585510616,0
568667069,0
8397867485,0
446315919,0
458941636,0
753301408,0
572345627,0
619364781,0
345139479,0
630988457,0
1400862145,2
5403444613,0
1383830595,0
632922934,0
1143098496,0
585552995,0
446825582,0
1150192055,0
1153765377,0
128380048,0
1063109219,0
10426698011,0
3101484486,2
1045153400,0
68872822,2
434093839,0
10389217499,0
6297750127,0
462409456,0
735592138,0
57675397,0
572186297,0
565100135,0
1148111040,0
632594245,0
1437956037,0
1150823346,0
84929137,0
10398460926,0
1153800401,0
1152660593,0
1045754629,0
10389663623,0
76027676,0
10220064363,0
104893030,2
569636163,2
1153247779,0
6219801879,0
1150587238,0
1140980875,0
86353219,0
734686107,0
1045979034,0
7390675896,2
1010898705,0
510930335,0
360610333,0
131684867,0
1154257207,0
10380080034,0
1125311128,0
1384898408,0
337318843,0
1154214157,0
578686517,0
472914708,0
633317305,0
10122754682,0
310676288,0
1148388738,0
85177311,0
3114053218,0
1088279675,0
3107332366,0
561984607,0
1390746821,0
1051025095,0
616168304,0
1148266325,0
641963327,0
437791373,0
1438642402,0
614457188,0
88978155,0
77207411,0
88843296,0
78523121,0
1129627726,0
86053277,0
566275378,0
87649785,0
1152995497,0
1148507803,0
1154328071,0
1149311926,0
1053371037,0
744226850,0
575308604,0
88992348,0
512421519,0
4108945648,0
84979790,0
1153794845,0
461296319,0
1130252958,0
1154006533,0
65225505,0
10419002556,0
7403209839,0
8387718685,0
398011037,0
829104754,0
744371767,0
1153779715,0
5433982058,0
85484440,0
116650600,0
752589524,0
1147415001,0
1153893425,0
561935204,0
1063329990,0
817292651,0
1131470874,0
1144093306,0
314264959,0
1143637079,0
5118720313,0
636237677,0
452302476,0
756911907,0
436790396,0
1027087263,0
633226746,0
1154019680,0
106748657,0
1037579919,0
1399809012,0
628946093,0
6403582580,0
17280181,0
3104332483,0
1153616389,0
641678193,0
66570156,0
1406422051,0
10151569460,0
10404889037,0
87789400,0
109811394,0
1060608736,0
810381432,0
5122153367,0
10151395475,0
815388188,0
1154079368,0
458801455,0
1060257714,0
1056300764,0
77707647,0
112335198,2
819529963,0
1154322232,0
1410174153,0
1153803489,0
647956560,0
8428849506,0
587446806,0
454027202,0
749025726,0
632080806,0
647285011,0
389653041,0
3432363078,0
433955852,0
735590981,0
1152919506,0
741090607,0
1148033176,0
736005956,0
389501323,0
1065758154,2
1148814330,0
1140842793,0
360052011,0
1146858829,0
395522129,0
514117140,0
1154106190,0
1055274646,0
45689632,0
598715593,0
563027134,0
524721032,0
644047340,2
737205398,0
1012883216,0
3401489804,0
166767159,0
1153516571,0
728271325,0
515217695,0
5122179234,0
86351953,0
562793175,0
421614093,0
389573501,0
116638594,0
436975646,0
1153560645,2
86599619,0
1033201671,0
7297207263,0
566203873,0
15662986,0
6404903164,0
642984137,0
469037043,0
1154126657,0
1398602368,0
622533663,0
47898753,0
1139558611,0
84733371,0
611406456,0
89472349,0
470241353,0
74899749,0
633449378,0
3107350682,0
1096521016,0
577228427,0
565954356,0
438204964,0
759891405,0
439650225,0
633665809,0
10384221157,0
479482107,0
87832784,0
1384835320,0
8429082242,0
104979953,0
57034856,0
84701169,0
67057207,0
1147885435,0
1154051951,0
433958442,0
1153208731,0
85060698,0
87908754,0
1154299651,0
751218584,0
518571246,0
360570271,0
758579040,0
615269430,0
729749598,0
334864285,0
561619298,0
4109267709,0
6431519980,0
86151414,0
750839743,0
360041361,0
1153035740,0
1148309492,0
1154338549,0
1035457652,0
581156083,0
8298538379,0
732891975,0
5116776959,0
3151843237,0
5121526498,0
89099843,0
6388302423,0
464760520,0
1154106706,0
1152574810,0
1153642719,0
155892384,0
1153848055,0
573541676,0
1038011521,0
1153704476,0
515462905,0
598759250,0
1387294572,1
1034702324,0
1053846462,0
10151947001,0
428602450,0
1165532329,0
5120685548,0
330083411,0
631896629,0
85438850,0
760143212,0
371697411,0
1154091596,0
1132052955,0
336328609,0
8407236205,0
4402018815,0
452368626,0
117327502,0
1148756919,0
564192541,0
642176182,0
616681461,0
615675406,0
636140559,0
5111511413,0
633859904,0
1144557562,0
1147240222,0
1032654176,0
566133035,0
6410620842,0
363860497,0
86658748,0
467973397,0
474041780,0
754573686,0
85300555,0
1154237978,0
1404462649,0
332336729,0
6410565082,0
646517685,1
718128093,0
1153960431,2
459311096,0
3116347423,0
1152798093,0
1085525353,0
1154000430,0
453473828,0
572010399,0
1397918585,0
1149063106,0
376137024,0
3151953076,0
131091728,0
3151784442,0
87517765,0
637035223,0
1142710082,0
