DATE,CLOSE_USD,CLOSE_EUR,CLOSE_ZOL,CLOSE_NEFT,CLOSE_SER
2015-01-01,56.2376,68.3681,2168.34,56.51,28.55
2015-01-02,,,,,
2015-01-03,,,,,
2015-01-04,,,,,
2015-01-05,,,,,
2015-01-06,,,,,
2015-01-07,,,,,
2015-01-08,,,,,
2015-01-09,,,,,
2015-01-10,,,,,
2015-01-11,,,,,
2015-01-12,,,,,
2015-01-13,62.7363,74.3551,2464.8,55.8,32.76
2015-01-14,64.8425,76.7735,2582.98,53.15,34.44
2015-01-15,66.0983,77.9629,2611.23,50.9,36.13
2015-01-16,64.8337,76.3352,2574.82,51.02,34.69
2015-01-17,65.1738,75.8623,2636.52,51.05,35.87
2015-01-18,,,,,
2015-01-19,,,,,
2015-01-20,64.9732,75.17399999999999,2664.44,49.95,35.34
2015-01-21,64.9862,75.2735,2699.97,49.38,36.88
2015-01-22,65.5558,75.8218,2735.75,47.2,37.52
2015-01-23,65.4,75.7724,2706.12,46.79,38.31
2015-01-24,63.393,71.9067,2636.32,48.61,36.85
2015-01-25,,,,,
2015-01-26,,,,,
2015-01-27,65.5937,73.5633,2705.17,48.36,38.44
2015-01-28,67.8153,76.2922,2788.62,49.9,38.87
2015-01-29,67.1506,76.2629,2778.56,49.91,38.58
2015-01-30,68.7303,77.569,2818.51,48.85,39.8
2015-01-31,68.9291,78.1105,2800.07,48.17,38.63
2015-02-01,,,,,
2015-02-02,,,,,
2015-02-03,69.664,78.79,2854.0,48.75,37.9
2015-02-04,67.7727,76.8271,2791.22,49.0,37.52
2015-02-05,65.447,75.0415,2670.72,48.55,37.01
2015-02-06,68.6113,77.9356,2787.71,47.97,38.36
2015-02-07,66.0432,75.6591,2683.9,48.11,36.1
2015-02-08,,,,,
2015-02-09,,,,,
2015-02-10,65.7817,74.5833,2627.27,49.26,36.42
2015-02-11,65.4469,74.1382,2603.9,48.65,35.71
2015-02-12,66.0585,74.7386,2623.99,49.05,35.68
2015-02-13,66.0994,74.8311,2603.83,52.95,36.02
2015-02-14,65.0862,74.3675,2564.97,52.1,35.34
2015-02-15,,,,,
2015-02-16,,,,,
2015-02-17,62.6632,71.5426,2485.09,54.85,33.97
2015-02-18,62.8353,71.3243,2468.18,58.02,34.89
2015-02-19,62.4001,71.08,2420.49,55.47,33.74
2015-02-20,62.1307,70.9408,2432.51,57.87,32.8
2015-02-21,61.7235,70.0315,2388.29,59.09,33.2
2015-02-22,,,,,
2015-02-23,,,,,
2015-02-24,61.7235,70.0315,,,
2015-02-25,63.5083,71.9422,2441.02,58.6,33.08
2015-02-26,62.5906,71.1655,2427.88,58.83,32.84
2015-02-27,60.7109,68.9797,2381.32,57.97,32.23
2015-02-28,61.2718,68.6857,2373.77,56.3,33.13
2015-03-01,,,,,
2015-03-02,,,,,
2015-03-03,62.2248,69.5424,2434.2,59.24,33.07
2015-03-04,62.3649,69.8487,2421.63,61.41,33.34
2015-03-05,61.8745,69.1138,2395.63,62.03,32.66
2015-03-06,61.8457,68.3086,2385.56,61.6,32.45
2015-03-07,59.9938,66.1012,2307.86,62.29,31.23
2015-03-08,,,,,
2015-03-09,,,,,
2015-03-10,59.9938,66.1012,,,
2015-03-11,60.6649,65.5242,2264.44,59.46,31.05
2015-03-12,62.6797,66.9168,2335.11,60.21,31.8
2015-03-13,60.9595,64.6232,2275.92,60.1,30.65
2015-03-14,61.3167,64.965,2279.9,59.89,30.91
2015-03-15,,,,,
2015-03-16,,,,,
2015-03-17,62.1497,65.4063,2311.87,59.0,30.97
2015-03-18,61.751000000000005,65.4314,2292.57,58.75,30.93
2015-03-19,61.3483,65.0108,2266.28,61.91,30.69
2015-03-20,59.8308,64.1446,2239.07,60.52,29.76
2015-03-21,60.0341,64.0504,2261.64,62.48,30.65
2015-03-22,,,,,
2015-03-23,,,,,
2015-03-24,59.4452,64.1473,2257.9,62.89,30.9
2015-03-25,58.771,64.3425,2254.68,60.67,31.61
2015-03-26,57.3879,62.7651,2200.33,61.75,31.31
2015-03-27,56.4271,62.0811,2194.06,61.12,30.73
2015-03-28,57.7279,62.5655,2223.48,61.13,31.79
2015-03-29,,,,,
2015-03-30,,,,,
2015-03-31,58.4643,63.3695,2231.92,60.26,31.3
2015-04-01,57.65,62.0487,2185.73,59.75,30.77
2015-04-02,58.3536,62.7476,2216.16,59.11,31.07
2015-04-03,56.9902,61.6919,2201.48,56.91,30.86
2015-04-04,56.7534,61.7363,2186.86,58.22,30.73
2015-04-05,,,,,
2015-04-06,,,,,
2015-04-07,56.5161,62.0377,2177.71,57.18,30.6
2015-04-08,55.3328,60.4124,2149.91,54.89,29.99
2015-04-09,54.027,58.7003,2103.69,53.99,29.25
2015-04-10,52.5424,56.5251,2020.37,54.15,27.54
2015-04-11,51.0678,54.2749,1973.36,53.3,27.17
2015-04-12,,,,,
2015-04-13,,,,,
2015-04-14,52.422,55.5201,2018.86,56.27,27.42
2015-04-15,51.9749,54.8387,1990.95,54.46,26.87
2015-04-16,50.5033,53.6598,1931.98,55.22,26.27
2015-04-17,49.6749,52.9087,1923.85,54.7,26.3
2015-04-18,50.5295,54.5163,1956.86,55.89,26.58
2015-04-19,,,,,
2015-04-20,,,,,
2015-04-21,51.5207,55.5496,1993.1,55.31,26.65
2015-04-22,53.9728,57.5998,2078.33,56.38,27.9
2015-04-23,53.6555,57.7226,2074.22,58.86,27.69
2015-04-24,51.6011,55.1255,1970.49,56.12,26.31
2015-04-25,50.2473,54.659,1925.9,55.94,25.57
2015-04-26,,,,,
2015-04-27,,,,,
2015-04-28,51.468999999999994,55.8747,1957.17,56.56,26.21
2015-04-29,52.3041,56.9016,2020.29,55.1,27.44
2015-04-30,51.7029,56.806000000000004,2002.72,56.67,27.39
2015-05-01,51.1388,57.1578,1980.05,56.23,27.16
2015-05-02,51.1388,57.1578,,,
2015-05-03,,,,,
2015-05-04,,,,,
2015-05-05,51.1388,57.1578,,,
2015-05-06,51.7574,57.4093,1975.88,56.47,27.32
2015-05-07,49.9816,56.1843,1914.27,59.01,26.37
2015-05-08,50.3615,57.2207,1915.46,59.66,26.47
2015-05-09,50.7511,56.8971,1933.95,57.29,26.61
2015-05-10,,,,,
2015-05-11,,,,,
2015-05-12,50.7511,56.8971,,,
2015-05-13,50.913999999999994,57.1102,1938.85,57.92,26.94
2015-05-14,49.5366,55.7138,1900.02,59.1,26.52
2015-05-15,50.0774,57.1383,1955.78,58.89,28.01
2015-05-16,50.0115,56.9881,1955.7,59.05,27.74
2015-05-17,,,,,
2015-05-18,,,,,
2015-05-19,49.2175,56.103,1943.4,60.17,28.01
2015-05-20,49.1777,55.1085,1928.39,62.71,27.51
2015-05-21,49.7919,55.2441,1931.82,63.94,27.33
2015-05-22,49.9204,55.5714,1941.38,63.72,27.57
2015-05-23,49.7901,55.5508,1938.55,64.0,27.61
2015-05-24,,,,,
2015-05-25,,,,,
2015-05-26,49.8613,54.7477,1930.26,63.48,27.65
2015-05-27,50.3223,54.8412,1931.77,61.78,27.16
2015-05-28,51.0178,55.6757,1948.38,62.85,27.33
2015-05-29,52.2907,57.1433,1999.68,64.75,28.04
2015-05-30,52.9716,58.0145,2027.34,65.49,28.39
2015-05-31,,,,,
2015-06-01,,,,,
2015-06-02,52.8213,57.702,2016.32,65.44,28.21
2015-06-03,53.4413,58.6037,2042.48,64.65,28.69
2015-06-04,53.059,59.113,2024.2,64.57,28.32
2015-06-05,54.9908,61.9471,2090.56,65.6,29.12
2015-06-06,56.2463,63.3221,2126.45,66.8,29.21
2015-06-07,,,,,
2015-06-08,,,,,
2015-06-09,56.0435,62.5053,2114.28,66.51,28.94
2015-06-10,55.91,63.0721,2122.9,67.33,28.99
2015-06-11,54.8219,62.2064,2090.4,67.11,28.43
2015-06-12,54.5285,61.4754,2069.57,68.34,27.82
2015-06-13,,,,,
2015-06-14,,,,,
2015-06-15,,,,,
2015-06-16,55.2679,62.1045,2093.64,67.45,28.31
2015-06-17,54.0409,61.104,2053.84,66.32,27.85
2015-06-18,53.8999,60.7452,2042.25,65.59,27.69
2015-06-19,53.3301,60.6417,2054.09,66.13,27.85
2015-06-20,53.8006,60.913000000000004,2072.47,65.51,27.88
2015-06-21,,,,,
2015-06-22,,,,,
2015-06-23,53.5569,60.8567,2055.42,67.82,27.88
2015-06-24,54.2081,61.0546,2062.38,67.04,27.82
2015-06-25,54.0746,60.5852,2044.09,66.65,27.63
2015-06-26,54.6026,61.1986,2062.03,66.86,27.68
2015-06-27,54.8126,61.4066,2069.6,66.91,27.9
2015-06-28,,,,,
2015-06-29,,,,,
2015-06-30,55.523999999999994,61.5206,2100.21,66.3,28.26
2015-07-01,55.8413,62.3803,2109.52,64.45,28.19
2015-07-02,55.4756,61.6556,2089.82,64.96,27.88
2015-07-03,55.6555,61.5661,2083.36,66.48,27.93
2015-07-04,55.6049,61.7492,2088.52,65.57,27.96
2015-07-05,,,,,
2015-07-06,,,,,
2015-07-07,56.4112,62.4246,2111.55,65.49,28.27
2015-07-08,57.2192,63.0441,2145.48,65.9,28.72
2015-07-09,57.2174,63.0822,2123.34,63.89,27.58
2015-07-10,56.9803,63.043,2128.92,62.25,28.18
2015-07-11,56.6685,62.9474,2117.82,62.85,28.15
2015-07-12,,,,,
2015-07-13,,,,,
2015-07-14,56.6079,62.9819,2101.99,65.45,28.12
2015-07-15,56.9774,62.6239,2112.51,65.19,27.99
2015-07-16,56.6642,62.3986,2103.72,64.98,27.89
2015-07-17,56.9504,62.1841,2096.67,66.1,27.34
2015-07-18,56.8423,61.9183,2088.86,64.46,27.43
2015-07-19,,,,,
2015-07-20,,,,,
2015-07-21,56.8336,61.6929,2037.37,62.81,27.12
2015-07-22,57.0025,61.7622,2030.6,63.92,27.03
2015-07-23,57.0232,62.3948,2010.8,63.69,27.1
2015-07-24,57.3578,62.933,2031.55,63.19,27.44
2015-07-25,58.0374,63.608999999999995,2022.22,65.72,27.04
2015-07-26,,,,,
2015-07-27,,,,,
2015-07-28,58.7816,65.083,2076.21,66.09,27.76
2015-07-29,60.2231,66.6248,2121.32,65.47,28.15
2015-07-30,59.7665,65.9882,2107.44,64.52,28.07
2015-07-31,58.9906,64.6478,2059.03,64.15,27.77
2015-08-01,60.3458,66.0002,2095.47,63.94,28.25
2015-08-02,,,,,
2015-08-03,,,,,
2015-08-04,62.4677,68.577,2195.16,63.67,29.58
2015-08-05,62.9182,68.9961,2210.18,63.7,29.41
2015-08-06,62.7184,68.1435,2190.86,64.34,29.28
2015-08-07,63.8644,69.6314,2227.82,62.75,29.96
2015-08-08,63.8399,69.8089,2239.99,62.71,30.27
2015-08-09,,,,,
2015-08-10,,,,,
2015-08-11,64.4977,70.75399999999999,2270.23,63.25,30.86
2015-08-12,63.2098,69.6762,2262.39,64.53,31.11
2015-08-13,65.0169,72.2078,2334.49,63.58,32.11
2015-08-14,63.9988,71.1475,2299.07,63.43,31.54
2015-08-15,64.9363,72.365,2331.49,63.05,32.46
2015-08-16,,,,,
2015-08-17,,,,,
2015-08-18,65.5034,72.5712,2353.01,62.56,32.07
2015-08-19,65.8289,72.9187,2368.62,61.99,32.23
2015-08-20,65.7222,72.7085,2373.34,63.14,31.36
2015-08-21,66.9608,74.4738,2449.82,62.02,33.37
2015-08-22,68.1216,76.6709,2517.26,62.29,33.86
2015-08-23,,,,,
2015-08-24,,,,,
2015-08-25,70.7465,81.1533,2623.69,61.09,33.98
2015-08-26,69.9461,80.7248,2595.7,60.29,33.44
2015-08-27,69.3142,79.7252,2528.01,57.14,32.11
2015-08-28,67.4473,76.3369,2447.13,58.0,30.94
2015-08-29,66.4779,75.0469,2405.55,57.63,30.86
2015-08-30,,,,,
2015-08-31,,,,,
2015-09-01,66.7152,74.8478,2434.51,58.73,30.97
2015-09-02,65.3495,73.8449,2399.17,58.89,30.84
2015-09-03,66.6756,75.0901,2443.78,58.19,31.21
2015-09-04,67.0102,75.2659,2434.61,58.14,31.69
2015-09-05,67.685,75.4011,2448.14,58.94,31.97
2015-09-06,,,,,
2015-09-07,,,,,
2015-09-08,68.4864,76.3692,2468.32,57.37,32.02
2015-09-09,68.7932,76.9246,2479.04,56.95,32.36
2015-09-10,67.6219,75.5742,2439.98,57.01,32.11
2015-09-11,68.4961,76.6951,2439.49,57.16,32.42
2015-09-12,68.0093,76.8165,2419.09,56.54,31.88
2015-09-13,,,,,
2015-09-14,,,,,
2015-09-15,67.9571,77.1313,2420.84,56.98,31.53
2015-09-16,67.1574,75.9013,2386.95,56.09,30.98
2015-09-17,65.9273,74.2407,2352.24,55.41,30.76
2015-09-18,65.3623,73.9378,2349.73,54.56,31.02
2015-09-19,65.6445,74.9726,2397.55,54.62,32.21
2015-09-20,,,,,
2015-09-21,,,,,
2015-09-22,66.1455,74.8304,2417.65,52.96,32.28
2015-09-23,66.1747,73.9568,2402.66,52.98,31.79
2015-09-24,66.041,73.5367,2387.82,53.55,31.42
2015-09-25,66.5151,74.5435,2426.03,53.38,31.63
2015-09-26,65.6727,73.1397,2418.64,51.85,31.65
2015-09-27,,,,,
2015-09-28,,,,,
2015-09-29,65.547,73.2684,2397.15,51.7,30.98
2015-09-30,66.2367,74.5825,2394.9,49.59,31.01
2015-10-01,65.7364,73.77600000000001,2372.37,50.28,30.96
2015-10-02,65.0336,72.4865,2329.66,49.72,30.42
2015-10-03,65.9414,73.6302,2345.43,49.59,30.59
2015-10-04,,,,,
2015-10-05,,,,,
2015-10-06,65.6248,73.7951,2393.35,48.49,32.18
2015-10-07,65.0962,72.9468,2379.41,48.42,32.8
2015-10-08,62.7061,70.4691,2314.22,50.3,31.89
2015-10-09,62.2942,70.3052,2289.81,49.87,31.26
2015-10-10,61.2967,69.345,2269.3,50.21,31.51
2015-10-11,,,,,
2015-10-12,,,,,
2015-10-13,61.1535,69.5499,2288.97,49.65,31.38
2015-10-14,62.2237,70.8977,2309.42,48.77,31.23
2015-10-15,63.1248,72.0506,2382.03,48.62,32.15
2015-10-16,62.2433,71.281,2368.08,48.57,32.38
2015-10-17,61.3587,69.771,2320.62,48.65,31.64
2015-10-18,,,,,
2015-10-19,,,,,
2015-10-20,61.4419,69.7796,2314.48,46.88,31.33
2015-10-21,62.162,70.529,2345.7,46.25,31.7
2015-10-22,62.6309,71.1738,2364.81,45.43,31.71
2015-10-23,62.7888,71.0895,2354.72,45.42,31.83
2015-10-24,61.9286,68.7903,2332.61,42.45,31.82
2015-10-25,,,,,
2015-10-26,,,,,
2015-10-27,62.5038,69.0104,2348.15,43.5,32.11
2015-10-28,63.5004,70.2124,2379.98,43.64,32.87
2015-10-29,65.3159,72.1479,2460.1,47.4,33.18
2015-10-30,64.1686,70.1427,2391.09,49.93,33.07
2015-10-31,64.3742,70.7537,2375.47,49.45,32.74
2015-11-01,,,,,
2015-11-02,,,,,
2015-11-03,63.7993,70.3961,2329.75,53.12,32.06
2015-11-04,63.8525,70.3782,2321.63,48.64,31.61
2015-11-05,,,,,
2015-11-06,63.3991,68.8261,2257.04,50.47,31.1
2015-11-07,63.6832,69.2555,2267.97,50.6,30.75
2015-11-08,,,,,
2015-11-09,,,,,
2015-11-10,64.6606,69.6136,2277.63,49.29,31.35
2015-11-11,64.3908,69.2394,2261.71,49.35,30.6
2015-11-12,64.5693,69.3797,2259.88,47.76,30.21
2015-11-13,65.4541,70.337,2288.74,49.31,30.39
2015-11-14,66.6343,71.8184,2321.76,47.44,30.83
2015-11-15,,,,,
2015-11-16,,,,,
2015-11-17,66.4607,71.3987,2338.68,49.72,30.75
2015-11-18,65.4799,69.7819,2275.33,49.08,30.23
2015-11-19,64.7785,69.0021,2229.5,49.13,29.68
2015-11-20,64.91199999999999,69.339,2239.53,47.41,29.57
2015-11-21,64.8673,69.3886,2263.11,48.12,29.64
2015-11-22,,,,,
2015-11-23,,,,,
2015-11-24,65.5973,69.7037,2253.15,49.98,30.14
2015-11-25,65.62100000000001,69.8076,2263.78,49.35,29.49
2015-11-26,65.4789,69.8987,2257.19,47.78,29.77
2015-11-27,65.6836,69.7034,2260.66,47.57,29.71
2015-11-28,66.2393,70.3859,2267.32,48.73,30.43
2015-11-29,,,,,
2015-11-30,,,,,
2015-12-01,66.737,70.6478,2265.05,49.2,30.28
2015-12-02,66.2584,70.1345,2277.78,47.8,29.99
2015-12-03,66.7402,70.8647,2289.3,48.33,30.49
2015-12-04,67.7691,71.7404,2289.07,48.34,30.81
2015-12-05,67.6698,73.6721,2312.7,48.39,30.31
2015-12-06,,,,,
2015-12-07,,,,,
2015-12-08,68.5156,74.4079,2385.0,47.4,31.13
2015-12-09,69.3026,75.3111,2388.0,47.94,32.29
2015-12-10,69.2,75.5595,2399.26,48.44,31.68
2015-12-11,69.2151,76.0674,2385.54,48.06,31.76
2015-12-12,69.1755,75.7472,2373.5,48.22,31.51
2015-12-13,,,,,
2015-12-14,,,,,
2015-12-15,70.2244,76.9659,2411.29,47.88,31.43
2015-12-16,70.8295,78.2312,2434.69,49.22,31.22
2015-12-17,70.4012,77.04,2412.27,52.15,31.1
2015-12-18,70.5806,76.6788,2418.65,51.75,31.18
2015-12-19,71.3215,77.4052,2419.73,53.3,32.29
2015-12-20,,,,,
2015-12-21,,,,,
2015-12-22,71.2553,77.483,2453.91,52.43,31.66
2015-12-23,71.1211,77.6145,2462.66,52.81,32.47
2015-12-24,70.9333,77.5443,2443.62,50.63,32.48
2015-12-25,69.5165,76.0441,2395.7,49.66,32.03
2015-12-26,70.26899999999999,77.05,2421.64,49.58,32.08
2015-12-27,,,,,
2015-12-28,,,,,
2015-12-29,70.7865,77.6032,2439.47,50.33,32.32
2015-12-30,72.5066,79.547,2487.91,50.5,33.1
2015-12-31,72.8827,79.6972,2502.1,50.62,32.64
2016-01-01,72.9299,79.6395,2490.71,48.91,32.4
2016-01-02,,,,,
2016-01-03,,,,,
2016-01-04,,,,,
2016-01-05,,,,,
2016-01-06,72.9299,79.6395,,,
2016-01-07,,,,,
2016-01-08,,,,,
2016-01-09,72.9299,79.6395,,,
2016-01-10,,,,,
2016-01-11,,,,,
2016-01-12,75.9507,82.809,2697.53,48.56,34.28
2016-01-13,76.6041,83.4372,2696.48,47.89,34.41
2016-01-14,76.4275,82.7175,2658.2,48.22,34.11
2016-01-15,76.523,83.1499,2683.54,48.08,34.03
2016-01-16,76.565,83.2951,2661.26,47.97,34.51
2016-01-17,,,,,
2016-01-18,,,,,
2016-01-19,78.6678,85.62200000000001,2758.0,47.46,34.9
2016-01-20,78.4862,85.2988,2742.92,47.03,35.02
2016-01-21,79.4614,87.0341,2792.84,49.12,35.84
2016-01-22,83.5913,91.1814,2947.67,48.61,37.76
2016-01-23,80.5714,87.2266,2843.38,49.5,36.29
2016-01-24,,,,,
2016-01-25,,,,,
2016-01-26,77.7965,84.1603,2760.59,49.39,35.44
2016-01-27,81.8394,88.8858,2932.99,48.77,37.42
2016-01-28,78.9969,85.8459,2835.69,50.25,36.4
2016-01-29,77.3674,84.137,2783.42,48.92,35.77
2016-01-30,75.1723,81.9077,2689.71,48.12,32.82
2016-01-31,,,,,
2016-02-01,,,,,
2016-02-02,76.3264,82.8141,2753.33,47.66,34.55
2016-02-03,77.9273,84.9719,2815.09,47.48,35.9
2016-02-04,79.2593,86.5115,2879.52,47.3,36.34
2016-02-05,76.4609,84.8104,2817.8,47.05,35.42
2016-02-06,77.3409,86.5754,2880.69,46.59,36.65
2016-02-07,,,,,
2016-02-08,,,,,
2016-02-09,76.8614,85.6543,2899.65,45.2,36.84
2016-02-10,78.6805,88.0435,3007.48,44.6,37.79
2016-02-11,79.0689,89.2213,3008.35,44.61,39.0
2016-02-12,79.1144,89.3439,3111.44,44.86,38.46
2016-02-13,79.4951,89.8454,3167.94,43.99,40.0
2016-02-14,,,,,
2016-02-15,,,,,
2016-02-16,77.7792,87.1905,3021.92,44.27,39.11
2016-02-17,76.245,85.0894,2971.01,44.26,37.41
2016-02-18,77.8503,86.9588,3009.54,44.48,38.42
2016-02-19,75.4575,84.0521,2921.89,44.42,37.0
2016-02-20,76.3657,84.9187,2999.04,45.11,37.44
2016-02-21,77.1326,85.8563,3053.09,45.91,38.12
2016-02-22,,,,,
2016-02-23,77.1326,85.8563,,,
2016-02-24,77.1326,85.8563,,,
2016-02-25,76.3928,84.0779,3026.51,46.28,37.36
2016-02-26,76.3929,84.2155,3034.25,45.62,37.63
2016-02-27,75.0903,82.9748,2971.89,44.87,36.6
2016-02-28,,,,,
2016-02-29,,,,,
2016-03-01,75.8994,83.1023,3011.6,44.81,37.02
2016-03-02,74.0536,80.5333,2952.29,44.5,35.12
2016-03-03,73.6256,79.9721,2910.01,44.28,35.48
2016-03-04,73.8242,80.21,2947.77,42.68,35.18
2016-03-05,73.1854,80.1161,2991.79,44.06,35.22
2016-03-06,,,,,
2016-03-07,,,,,
2016-03-08,,,,,
2016-03-09,,,,,
2016-03-10,72.3775,79.4488,2927.93,43.22,36.44
2016-03-11,71.0928,77.9817,2850.82,42.91,34.9
2016-03-12,70.3067,78.4131,2853.2,40.66,34.52
2016-03-13,,,,,
2016-03-14,,,,,
2016-03-15,70.1542,78.1798,2834.16,40.46,34.96
2016-03-16,70.5408,78.3285,2797.73,40.33,35.38
2016-03-17,71.0256,78.7532,2815.81,39.55,34.98
2016-03-18,68.5598,77.1572,2798.51,38.27,33.7
2016-03-19,68.4026,77.1992,2758.89,38.27,34.59
2016-03-20,,,,,
2016-03-21,,,,,
2016-03-22,68.8086,77.4647,2752.59,37.99,35.26
2016-03-23,67.7764,76.14,2727.75,38.45,34.45
2016-03-24,67.6409,75.6902,2679.67,37.57,34.56
2016-03-25,68.9328,76.929,2695.94,36.95,34.53
2016-03-26,68.4346,76.4004,2686.47,36.55,33.62
2016-03-27,,,,,
2016-03-28,,,,,
2016-03-29,67.7807,75.6975,2660.8,36.45,33.3
2016-03-30,68.7549,76.8611,2688.99,36.23,33.29
2016-03-31,67.6076,76.5386,2691.39,36.38,33.43
2016-04-01,67.8552,76.9207,2691.21,37.79,33.55
2016-04-02,67.141,76.4266,2659.65,37.93,33.2
2016-04-03,,,,,
2016-04-04,,,,,
2016-04-05,68.6753,78.1662,2682.67,37.76,33.03
2016-04-06,68.8901,78.2798,2727.61,36.6,33.64
2016-04-07,68.5215,77.813,2700.35,37.39,33.2
2016-04-08,67.796,77.3688,2697.37,36.68,33.17
2016-04-09,67.4662,76.6888,2678.82,37.6,32.88
2016-04-10,,,,,
2016-04-11,,,,,
2016-04-12,67.125,76.4957,2691.71,38.34,33.58
2016-04-13,66.3456,75.8529,2685.95,37.33,34.04
2016-04-14,65.7662,74.6578,2634.05,36.59,33.79
2016-04-15,66.4954,74.794,2651.61,34.38,34.48
2016-04-16,66.0452,74.3405,2611.25,33.77,34.34
2016-04-17,,,,,
2016-04-18,,,,,
2016-04-19,68.2724,77.1273,2716.76,33.26,35.56
2016-04-20,65.6474,74.3719,2620.75,32.99,35.08
2016-04-21,66.0364,75.0107,2649.12,31.6,36.03
2016-04-22,65.0254,73.4592,2629.26,30.83,36.21
2016-04-23,66.2198,74.6959,2651.47,30.24,36.6
2016-04-24,,,,,
2016-04-25,,,,,
2016-04-26,66.6295,74.9515,2636.71,31.1,36.12
2016-04-27,66.4559,74.9024,2637.64,29.11,36.22
2016-04-28,65.1618,73.8023,2607.75,28.13,36.33
2016-04-29,65.1133,73.9166,2630.62,28.74,36.32
2016-04-30,64.3334,73.3015,2636.13,28.73,36.93
2016-05-01,,,,,
2016-05-02,,,,,
2016-05-03,64.3334,73.3015,,,
2016-05-04,64.3334,73.3015,,,
2016-05-05,66.1718,76.0512,2723.8,27.79,36.55
2016-05-06,65.8918,75.5713,2702.64,29.72,36.82
2016-05-07,66.1928,75.5789,2724.56,32.08,36.84
2016-05-08,,,,,
2016-05-09,,,,,
2016-05-10,,,,,
2016-05-11,66.3277,75.5406,2697.27,30.09,36.34
2016-05-12,66.2428,75.4505,2708.62,31.09,37.29
2016-05-13,64.9607,74.1137,2648.89,33.01,35.99
2016-05-14,64.9306,73.6248,2661.96,34.55,35.68
2016-05-15,,,,,
2016-05-16,,,,,
2016-05-17,64.8895,73.4549,2672.48,35.87,36.13
2016-05-18,64.5138,73.1006,2634.4,35.91,35.43
2016-05-19,65.0641,73.3077,2658.54,34.13,35.67
2016-05-20,66.211,74.2755,2668.9,32.57,35.34
2016-05-21,66.3775,74.4623,2681.48,35.47,35.34
2016-05-22,,,,,
2016-05-23,,,,,
2016-05-24,67.0475,75.2675,2695.39,34.39,35.16
2016-05-25,67.0493,75.0349,2678.76,34.13,35.07
2016-05-26,65.8949,73.4596,2586.24,33.88,34.33
2016-05-27,65.2062,72.8418,2571.58,33.21,34.51
2016-05-28,66.0413,73.8474,2593.05,30.81,34.61
2016-05-29,,,,,
2016-05-30,,,,,
2016-05-31,66.0825,73.497,2584.04,30.97,34.63
2016-06-01,65.9962,73.4406,2568.47,31.13,34.08
2016-06-02,66.6156,74.2098,2604.89,32.65,34.16
2016-06-03,66.7491,74.8191,2608.5,32.85,34.29
2016-06-04,66.8529,74.561,2602.89,34.03,34.6
2016-06-05,,,,,
2016-06-06,,,,,
2016-06-07,65.7894,74.6907,2623.98,32.3,34.69
2016-06-08,65.2089,74.1164,2601.98,34.87,34.19
2016-06-09,64.6797,73.5538,2604.36,33.99,34.83
2016-06-10,63.7402,72.5682,2578.73,33.12,34.94
2016-06-11,64.7077,73.1909,2635.03,32.97,36.03
2016-06-12,,,,,
2016-06-13,,,,,
2016-06-14,64.7077,73.1909,,,
2016-06-15,66.0306,74.3174,2716.08,34.67,36.62
2016-06-16,65.9156,73.9441,2716.86,32.9,36.9
2016-06-17,65.8618,74.24600000000001,2767.58,34.41,37.5
2016-06-18,65.4398,73.5609,2702.51,35.06,36.55
2016-06-19,,,,,
2016-06-20,,,,,
2016-06-21,64.1509,72.7792,2646.7,35.13,35.75
2016-06-22,64.1743,72.7865,2642.61,35.23,35.82
2016-06-23,63.7162,71.8082,2591.38,36.64,35.23
2016-06-24,64.3212,72.9016,2617.54,36.6,35.76
2016-06-25,65.5287,72.6582,2768.01,37.06,38.01
2016-06-26,,,,,
2016-06-27,,,,,
2016-06-28,65.0588,71.942,2770.65,37.06,37.02
2016-06-29,64.8095,71.7117,2733.78,38.93,36.61
2016-06-30,64.2575,71.2102,2722.37,39.01,37.62
2016-07-01,64.1755,71.2926,2717.35,40.83,37.88
2016-07-02,64.0165,71.0519,2740.98,39.54,39.6
2016-07-03,,,,,
2016-07-04,,,,,
2016-07-05,63.6844,70.8553,2761.56,40.84,41.69
2016-07-06,64.2676,71.6327,2778.59,40.16,40.77
2016-07-07,64.6304,71.5135,2846.74,40.38,42.45
2016-07-08,64.05,70.9482,2815.21,40.34,41.08
2016-07-09,64.2488,71.1684,2801.22,39.73,40.73
2016-07-10,,,,,
2016-07-11,,,,,
2016-07-12,64.2024,70.8152,2803.64,38.95,42.25
2016-07-13,63.9029,70.9833,2779.46,40.21,41.81
2016-07-14,63.8531,70.5577,2751.43,41.43,41.65
2016-07-15,63.5773,70.5644,2709.81,41.46,41.39
2016-07-16,63.1697,70.3395,2702.18,41.06,40.9
2016-07-17,,,,,
2016-07-18,,,,,
2016-07-19,63.1154,69.7741,2691.03,41.41,40.02
2016-07-20,62.9891,69.6974,2697.9,41.58,40.48
2016-07-21,63.4183,69.6967,2702.82,40.73,40.17
2016-07-22,63.7373,70.3022,2709.04,40.45,39.63
2016-07-23,64.627,71.2513,2749.35,41.2,40.93
2016-07-24,,,,,
2016-07-25,,,,,
2016-07-26,64.9184,71.209,2744.63,40.76,40.51
2016-07-27,65.7408,72.3478,2792.61,40.03,41.6
2016-07-28,65.9467,72.515,2800.41,39.94,41.51
2016-07-29,66.1125,73.4047,2851.02,40.14,43.38
2016-07-30,67.0512,74.3799,2872.53,38.75,43.2
2016-07-31,,,,,
2016-08-01,,,,,
2016-08-02,65.9553,73.6523,2860.25,38.28,43.49
2016-08-03,66.8816,74.9007,2920.42,37.58,44.53
2016-08-04,66.742,74.7978,2927.73,38.33,44.18
2016-08-05,66.3941,73.9232,2884.19,39.75,43.03
2016-08-06,65.5627,73.0303,2872.21,39.66,42.62
2016-08-07,,,,,
2016-08-08,,,,,
2016-08-09,65.0799,72.1476,2782.85,41.89,41.14
2016-08-10,64.7848,71.7556,2776.27,42.44,41.03
2016-08-11,64.8137,72.2349,2816.99,42.81,42.37
2016-08-12,64.9497,72.4644,2807.66,44.28,42.2
2016-08-13,64.3364,71.7158,2764.91,43.9,41.1
2016-08-14,,,,,
2016-08-15,,,,,
2016-08-16,64.2076,71.7263,2764.54,43.78,41.08
2016-08-17,63.9514,71.9645,2773.86,42.85,41.19
2016-08-18,63.9943,72.0832,2762.66,40.58,40.26
2016-08-19,63.5487,71.9371,2752.31,43.16,40.41
2016-08-20,63.9391,72.4558,2768.7,43.8,39.91
2016-08-21,,,,,
2016-08-22,,,,,
2016-08-23,64.2078,72.4457,2754.43,45.59,39.04
2016-08-24,64.7684,73.4733,2787.23,44.73,39.52
2016-08-25,64.814,73.2074,2786.69,45.16,39.26
2016-08-26,64.9459,73.2135,2765.63,44.98,38.63
2016-08-27,64.738,73.0892,2757.61,44.76,38.86
2016-08-28,,,,,
2016-08-29,,,,,
2016-08-30,65.081,72.7996,2759.35,46.42,39.07
2016-08-31,64.9072,72.5013,2752.19,47.0,39.19
2016-09-01,65.2535,72.6859,2757.65,47.68,39.32
2016-09-02,65.2566,72.6828,2739.42,47.32,39.13
2016-09-03,65.8684,73.7199,2777.39,47.01,39.71
2016-09-04,,,,,
2016-09-05,,,,,
2016-09-06,64.7644,72.3742,2765.82,45.91,40.52
2016-09-07,64.8306,72.3639,2772.29,45.23,40.85
2016-09-08,64.3804,72.4022,2791.75,44.92,41.23
2016-09-09,63.973,72.0464,2772.54,45.22,40.99
2016-09-10,64.1617,72.3359,2755.24,45.28,40.04
2016-09-11,,,,,
2016-09-12,,,,,
2016-09-13,65.0539,73.1986,2776.51,46.28,39.15
2016-09-14,64.8102,72.7559,2768.19,43.45,39.92
2016-09-15,64.9737,72.946,2764.1,45.44,39.77
2016-09-16,65.217,73.2126,2767.95,47.4,39.75
2016-09-17,64.994,73.0208,2746.26,47.91,39.51
2016-09-18,,,,,
2016-09-19,,,,,
2016-09-20,64.9173,72.4477,2744.69,47.85,39.91
2016-09-21,64.7513,72.5279,2738.4,47.92,39.91
2016-09-22,64.4424,71.8404,2734.04,49.13,40.26
2016-09-23,63.7942,71.6728,2732.89,49.36,40.76
2016-09-24,63.8642,71.5854,2742.98,48.54,40.7
2016-09-25,,,,,
2016-09-26,,,,,
2016-09-27,64.1506,72.0604,2756.1,48.88,40.09
2016-09-28,63.6921,71.6409,2735.48,48.74,39.77
2016-09-29,63.9509,71.5738,2723.88,48.64,39.31
2016-09-30,63.1581,70.8823,2682.09,48.39,38.6
2016-10-01,63.396,70.9338,2706.56,49.04,39.44
2016-10-02,,,,,
2016-10-03,,,,,
2016-10-04,62.5477,70.2411,2651.74,49.78,38.57
2016-10-05,62.4323,69.7556,2627.78,49.33,37.62
2016-10-06,62.4583,70.0782,2558.29,50.03,35.74
2016-10-07,62.39,69.8518,2538.45,50.28,35.62
2016-10-08,62.3031,69.2312,2513.88,49.52,34.71
2016-10-09,,,,,
2016-10-10,,,,,
2016-10-11,62.3884,69.7253,2531.56,49.74,35.66
2016-10-12,62.1946,69.1231,2512.3,49.95,34.95
2016-10-13,62.5892,69.1173,2526.83,49.84,35.09
2016-10-14,63.3465,69.7255,2562.09,49.83,35.82
2016-10-15,62.9934,69.3746,2544.06,50.48,35.38
2016-10-16,,,,,
2016-10-17,,,,,
2016-10-18,63.151,69.3587,2543.42,51.49,35.33
2016-10-19,62.89,69.2608,2551.0,52.7,35.69
2016-10-20,62.5841,68.7674,2554.89,51.86,35.59
2016-10-21,62.4194,68.4741,2547.07,50.48,35.32
2016-10-22,62.4499,68.0267,2537.77,50.27,35.16
2016-10-23,,,,,
2016-10-24,,,,,
2016-10-25,62.2349,67.7302,2535.14,50.0,35.3
2016-10-26,62.048,67.4958,2532.11,49.25,35.37
2016-10-27,62.2597,67.9253,2549.96,48.62,35.35
2016-10-28,63.0399,68.7576,2572.59,47.03,35.79
2016-10-29,62.9037,68.6783,2560.16,49.25,35.61
2016-10-30,,,,,
2016-10-31,,,,,
2016-11-01,63.2174,69.2863,2589.79,49.46,35.79
2016-11-02,63.2025,69.3647,2609.91,50.41,36.09
2016-11-03,63.4166,70.2339,2642.09,50.95,37.19
2016-11-04,63.5043,70.5977,2639.93,49.89,37.85
2016-11-05,63.5043,70.5977,,,
2016-11-06,,,,,
2016-11-07,,,,,
2016-11-08,63.9074,70.6944,2643.95,51.14,37.6
2016-11-09,63.7364,70.4542,2631.14,48.41,37.34
2016-11-10,63.8928,71.3491,2679.81,48.73,37.51
2016-11-11,63.4161,69.3392,2611.59,48.11,38.35
2016-11-12,65.2167,71.1253,2632.8,48.66,39.31
2016-11-13,,,,,
2016-11-14,,,,,
2016-11-15,65.8591,71.0488,2588.75,50.96,39.36
2016-11-16,65.5548,70.6156,2590.07,49.74,36.24
2016-11-17,64.5463,69.2388,2543.59,50.55,35.28
2016-11-18,64.9154,69.4984,2571.28,50.53,35.38
2016-11-19,65.1023,68.9889,2524.47,50.04,35.67
2016-11-20,,,,,
2016-11-21,,,,,
2016-11-22,64.358,68.3611,2513.92,48.18,34.16
2016-11-23,63.6282,67.5413,2490.73,49.25,34.12
2016-11-24,64.0087,68.054,2496.78,46.45,34.49
2016-11-25,64.6279,68.0855,2466.91,46.44,34.41
2016-11-26,64.6174,68.4363,2467.03,46.61,33.88
2016-11-27,,,,,
2016-11-28,,,,,
2016-11-29,64.9153,69.1608,2481.74,46.07,34.36
2016-11-30,64.9449,68.8416,2479.11,48.19,34.83
2016-12-01,65.2382,69.3417,2490.52,46.56,34.69
2016-12-02,63.6807,67.6162,2392.88,47.13,34.13
2016-12-03,64.1528,68.4703,2416.6,48.09,33.62
2016-12-04,,,,,
2016-12-05,,,,,
2016-12-06,63.9242,67.766,2394.11,47.67,33.6
2016-12-07,63.8741,68.6902,2405.07,47.03,34.13
2016-12-08,63.9114,68.5002,2406.68,46.71,34.5
2016-12-09,63.3901,68.2458,2394.18,47.13,34.18
2016-12-10,63.3028,67.2086,2378.98,46.19,34.86
2016-12-11,,,,,
2016-12-12,,,,,
2016-12-13,61.5804,65.072,2285.54,45.74,33.56
2016-12-14,61.068999999999996,64.9774,2272.36,45.63,33.1
2016-12-15,60.8079,64.7543,2269.68,45.06,33.25
2016-12-16,61.6368,64.6139,2244.14,44.91,33.91
2016-12-17,61.7515,64.4809,2253.08,43.82,32.04
2016-12-18,,,,,
2016-12-19,,,,,
2016-12-20,61.7931,64.6727,2260.06,43.16,31.89
2016-12-21,61.7967,64.2006,2250.56,43.21,31.79
2016-12-22,61.1092,63.6086,2228.76,43.27,31.04
2016-12-23,60.8641,63.5604,2212.29,42.22,31.37
2016-12-24,60.8528,63.5425,2212.76,41.97,30.85
2016-12-25,,,,,
2016-12-26,,,,,
2016-12-27,60.9084,63.7285,2214.78,43.44,30.82
2016-12-28,60.8587,63.573,2212.97,44.22,30.8
2016-12-29,60.6669,63.4879,2223.06,44.42,30.7
2016-12-30,60.273,63.0214,2222.29,44.3,30.71
2016-12-31,60.6569,63.8111,2260.43,45.18,31.32
2017-01-01,,,,,
2017-01-02,,,,,
2017-01-03,,,,,
2017-01-04,,,,,
2017-01-05,,,,,
2017-01-06,,,,,
2017-01-07,,,,,
2017-01-08,,,,,
2017-01-09,,,,,
2017-01-10,59.8961,63.1125,2264.82,44.99,31.68
2017-01-11,59.9533,63.5445,2280.67,43.84,31.84
2017-01-12,60.1614,63.5184,2297.0,45.96,32.23
2017-01-13,59.4978,63.2759,2308.2,47.08,32.12
2017-01-14,59.37,63.1222,2283.58,47.15,32.28
2017-01-15,,,,,
2017-01-16,,,,,
2017-01-17,59.6067,63.2308,2304.95,48.1,32.12
2017-01-18,59.4015,63.2864,2325.18,48.9,32.12
2017-01-19,59.183,63.2252,2307.12,49.8,32.35
2017-01-20,59.3521,63.1803,2296.25,50.9,32.67
2017-01-21,59.6697,63.7272,2300.38,50.79,32.52
2017-01-22,,,,,
2017-01-23,,,,,
2017-01-24,59.5034,63.9424,2322.0,50.4,32.31
2017-01-25,59.2168,63.6225,2309.96,49.1,32.63
2017-01-26,59.1489,63.4254,2288.67,49.58,32.53
2017-01-27,59.6356,64.0248,2284.59,49.03,32.46
2017-01-28,60.3196,64.3429,2296.54,49.93,32.7
2017-01-29,,,,,
2017-01-30,,,,,
2017-01-31,60.1618,64.4333,2301.46,49.79,32.3
2017-02-01,60.0851,64.285,2315.82,49.68,33.03
2017-02-02,60.3099,65.0322,2346.2,49.41,33.53
2017-02-03,59.9858,64.7307,2360.69,48.68,33.94
2017-02-04,59.3137,63.8156,2313.26,46.97,33.77
2017-02-05,,,,,
2017-02-06,,,,,
2017-02-07,58.7121,63.1566,2306.41,45.82,32.62
2017-02-08,59.1933,63.2362,2342.73,46.68,33.49
2017-02-09,59.5129,63.4467,2364.18,46.66,33.68
2017-02-10,59.0235,63.0253,2356.4,47.4,33.66
2017-02-11,58.8457,62.6824,2319.04,47.36,33.52
2017-02-12,,,,,
2017-02-13,,,,,
2017-02-14,58.0619,61.7662,2294.96,48.55,32.89
2017-02-15,57.7388,61.2955,2282.65,49.69,33.36
2017-02-16,56.7719,60.0249,2236.21,47.88,32.68
2017-02-17,57.1507,60.653999999999996,2272.45,47.56,32.85
2017-02-18,57.6342,61.4496,2300.29,48.15,33.54
2017-02-19,,,,,
2017-02-20,,,,,
2017-02-21,58.0967,61.6987,2307.45,47.19,33.63
2017-02-22,57.858999999999995,61.208999999999996,2285.64,45.97,33.45
2017-02-23,57.4762,60.4535,2286.78,46.41,33.06
2017-02-24,,,,,
2017-02-25,,,,,
2017-02-26,,,,,
2017-02-27,,,,,
2017-02-28,57.9371,61.2569,2340.04,46.05,34.03
2017-03-01,57.9627,61.3883,2332.97,46.23,34.18
2017-03-02,58.3776,61.5417,2338.69,45.92,34.31
2017-03-03,58.4067,61.5198,2334.69,46.2,34.42
2017-03-04,58.9099,61.985,2327.25,47.05,34.72
2017-03-05,,,,,
2017-03-06,,,,,
2017-03-07,58.336999999999996,61.8606,2309.12,47.46,33.12
2017-03-08,58.263000000000005,61.7063,2292.23,46.07,33.36
2017-03-09,58.263000000000005,61.7063,,,
2017-03-10,58.8318,61.9911,2278.48,46.86,32.91
2017-03-11,59.2174,62.7408,2278.09,47.54,32.63
2017-03-12,,,,,
2017-03-13,,,,,
2017-03-14,59.1327,63.2661,2296.22,46.75,32.11
2017-03-15,58.95399999999999,62.7447,2281.23,49.43,32.26
2017-03-16,59.1128,62.8428,2284.9,49.62,32.31
2017-03-17,58.2437,62.4897,2295.03,49.99,31.67
2017-03-18,57.9344,62.3722,2288.71,49.9,32.52
2017-03-19,,,,,
2017-03-20,,,,,
2017-03-21,57.2847,61.6956,2270.87,50.8,32.05
2017-03-22,57.2323,61.7308,2267.05,51.31,31.7
2017-03-23,57.636,62.2699,2309.07,51.61,32.08
2017-03-24,57.5228,62.0959,2307.87,52.59,32.51
2017-03-25,57.4247,61.8636,2296.73,51.69,32.4
2017-03-26,,,,,
2017-03-27,,,,,
2017-03-28,57.0233,61.9615,2304.33,51.53,32.89
2017-03-29,56.9364,61.8102,2294.86,52.92,32.84
2017-03-30,57.0241,61.5347,2297.02,52.53,33.24
2017-03-31,56.3779,60.595,2267.37,51.66,32.81
2017-04-01,55.9606,59.8107,2234.03,51.96,32.49
2017-04-02,,,,,
2017-04-03,,,,,
2017-04-04,56.1396,59.8953,2249.39,52.0,32.78
2017-04-05,56.5553,60.2427,2288.6,51.79,33.35
2017-04-06,55.894,59.6948,2250.78,51.68,32.81
2017-04-07,56.4369,60.0827,2274.91,52.15,33.06
2017-04-08,56.9201,60.5687,2313.7,52.54,33.67
2017-04-09,,,,,
2017-04-10,,,,,
2017-04-11,57.3896,60.7469,2313.04,51.39,33.1
2017-04-12,56.9552,60.3042,2299.38,51.92,32.85
2017-04-13,56.7556,60.2631,2321.61,51.56,33.41
2017-04-14,56.6019,60.2867,2340.43,51.48,33.78
2017-04-15,56.2945,59.7791,2324.19,51.29,33.59
2017-04-16,,,,,
2017-04-17,,,,,
2017-04-18,56.2505,59.8393,2322.38,51.07,33.57
2017-04-19,55.9793,59.6124,2312.71,51.43,33.15
2017-04-20,56.1753,60.2649,2315.48,50.57,32.91
2017-04-21,56.4165,60.6139,2321.52,50.35,32.99
2017-04-22,56.2307,60.3187,2316.77,48.51,32.51
2017-04-23,,,,,
2017-04-24,,,,,
2017-04-25,56.0794,60.8461,2293.05,47.9,32.11
2017-04-26,55.8453,60.7932,2281.14,47.08,32.03
2017-04-27,56.3131,61.5052,2290.2,46.28,31.85
2017-04-28,56.9707,62.1664,2315.75,45.6,31.98
2017-04-29,56.9838,62.044,2318.58,45.94,31.9
2017-04-30,,,,,
2017-05-01,,,,,
2017-05-02,,,,,
2017-05-03,56.9518,62.1515,2299.42,46.33,31.04
2017-05-04,57.0927,62.3224,2301.71,45.82,30.93
2017-05-05,57.5714,62.7298,2287.51,46.5,30.54
2017-05-06,58.5382,64.2398,2332.61,45.66,30.62
2017-05-07,,,,,
2017-05-08,,,,,
2017-05-09,,,,,
2017-05-10,,,,,
2017-05-11,58.0824,63.2634,2283.73,44.52,30.42
2017-05-12,57.1161,62.1595,2242.15,44.86,30.06
2017-05-13,57.163999999999994,62.0915,2256.71,44.76,29.96
2017-05-14,,,,,
2017-05-15,,,,,
2017-05-16,56.5258,61.8449,2238.06,46.91,30.15
2017-05-17,56.2603,62.0382,2232.16,46.34,30.24
2017-05-18,56.7383,62.9568,2270.37,46.0,30.83
2017-05-19,57.4683,63.9967,2330.53,46.89,31.06
2017-05-20,57.1602,63.6479,2300.58,47.36,30.82
2017-05-21,,,,,
2017-05-22,,,,,
2017-05-23,56.4988,63.1713,2280.13,49.04,30.79
2017-05-24,56.5552,63.6189,2290.86,49.05,31.17
2017-05-25,56.2743,62.9203,2264.02,48.88,30.81
2017-05-26,56.0701,63.0116,2266.17,48.86,30.92
2017-05-27,56.756,63.6689,2308.3,47.12,31.55
2017-05-28,,,,,
2017-05-29,,,,,
2017-05-30,56.7106,63.3684,2306.55,47.42,31.52
2017-05-31,56.5168,62.9484,2294.58,48.99,31.38
2017-06-01,56.6876,63.4107,2303.34,47.26,31.55
2017-06-02,56.5373,63.531000000000006,2301.5,51.52,31.14
2017-06-03,56.6876,63.6092,2298.14,53.7,31.33
2017-06-04,,,,,
2017-06-05,,,,,
2017-06-06,56.6152,63.81100000000001,2331.16,54.49,31.89
2017-06-07,56.6747,63.7817,2346.63,54.09,32.0
2017-06-08,56.5878,63.7179,2351.86,54.19,32.02
2017-06-09,56.9857,64.1488,2353.92,53.89,32.25
2017-06-10,57.001999999999995,63.7852,2335.26,53.02,31.8
2017-06-11,,,,,
2017-06-12,,,,,
2017-06-13,,,,,
2017-06-14,56.9096,63.7729,2307.78,53.98,30.78
2017-06-15,57.0303,63.9481,2325.42,54.36,31.1
2017-06-16,57.4437,64.2795,2327.5,56.8,31.14
2017-06-17,57.7408,64.4561,2332.76,55.45,31.11
2017-06-18,,,,,
2017-06-19,,,,,
2017-06-20,57.9585,64.8614,2331.31,55.23,31.06
2017-06-21,58.5786,65.321,2347.59,53.72,31.24
2017-06-22,60.0,66.798,2405.61,54.23,31.85
2017-06-23,60.1482,67.1495,2419.97,55.33,32.06
2017-06-24,59.6564,66.678,2409.58,55.3,32.05
2017-06-25,,,,,
2017-06-26,,,,,
2017-06-27,59.0014,66.0816,2353.82,55.07,31.36
2017-06-28,58.8843,65.9563,2367.22,55.54,31.54
2017-06-29,59.5415,67.6868,2395.94,54.53,32.12
2017-06-30,59.0855,67.4993,2368.09,54.9,31.97
2017-07-01,59.3862,67.8072,2373.75,55.08,31.45
2017-07-02,,,,,
2017-07-03,,,,,
2017-07-04,58.9695,67.2016,2341.83,56.95,31.24
2017-07-05,59.2295,67.2966,2331.3,56.63,30.75
2017-07-06,59.5787,67.6754,2340.55,56.95,30.55
2017-07-07,60.2426,68.3814,2371.28,56.75,31.01
2017-07-08,60.3792,68.947,2369.08,56.82,30.75
2017-07-09,,,,,
2017-07-10,,,,,
2017-07-11,60.3014,68.7737,2341.12,55.56,29.51
2017-07-12,60.7397,69.2007,2366.63,56.47,30.29
2017-07-13,60.6227,69.4494,2376.69,56.9,30.85
2017-07-14,60.1836,68.8139,2363.34,56.75,30.86
2017-07-15,59.8806,68.3597,2346.73,56.97,30.24
2017-07-16,,,,,
2017-07-17,,,,,
2017-07-18,59.0657,67.6184,2335.49,54.82,30.52
2017-07-19,59.3705,68.4008,2361.38,53.63,30.87
2017-07-20,59.2418,68.2762,2361.5,55.33,30.91
2017-07-21,59.0823,68.0037,2348.87,56.11,30.73
2017-07-22,58.9325,68.6623,2363.19,55.59,31.13
2017-07-23,,,,,
2017-07-24,,,,,
2017-07-25,59.6572,69.4708,2408.75,55.68,31.65
2017-07-26,59.8185,69.7005,2407.86,55.47,31.37
2017-07-27,59.9102,69.6816,2398.83,54.25,31.53
2017-07-28,59.4102,69.6406,2410.62,54.21,32.07
2017-07-29,59.5436,69.6779,2411.34,55.49,31.7
2017-07-30,,,,,
2017-07-31,,,,,
2017-08-01,60.0633,70.4603,2445.42,55.6,32.36
2017-08-02,59.8454,70.7313,2437.9,55.37,32.21
2017-08-03,60.5819,71.6866,2467.12,55.16,32.47
2017-08-04,60.7503,71.9527,2464.5,55.65,32.17
2017-08-05,60.3281,71.6879,2461.92,56.45,32.39
2017-08-06,,,,,
2017-08-07,,,,,
2017-08-08,60.0605,70.8414,2428.31,55.65,31.15
2017-08-09,59.9886,70.8405,2432.93,55.43,31.61
2017-08-10,59.9611,70.4183,2444.34,55.32,31.98
2017-08-11,59.9298,70.2677,2464.17,55.49,32.91
2017-08-12,60.1873,70.7502,2492.94,56.59,33.07
2017-08-13,,,,,
2017-08-14,,,,,
2017-08-15,59.799,70.6645,2463.02,56.74,32.63
2017-08-16,59.9266,70.3718,2455.75,56.72,32.54
2017-08-17,59.6521,69.9958,2435.97,56.91,31.99
2017-08-18,59.248999999999995,69.6531,2449.51,55.89,32.42
2017-08-19,59.3612,69.7197,2471.99,54.66,32.73
2017-08-20,,,,,
2017-08-21,,,,,
2017-08-22,59.1409,69.4314,2448.27,55.16,32.36
2017-08-23,59.0396,69.59,2439.33,55.74,32.31
2017-08-24,59.1312,69.5619,2445.68,56.61,32.43
2017-08-25,59.1397,69.7434,2444.99,56.7,32.19
2017-08-26,59.1476,69.6995,2447.5,55.66,32.37
2017-08-27,,,,,
2017-08-28,,,,,
2017-08-29,58.5469,69.8465,2419.35,55.8,32.04
2017-08-30,58.532,70.4316,2490.44,55.69,33.12
2017-08-31,58.7306,70.2007,2474.72,55.81,32.93
2017-09-01,58.5454,69.6222,2457.88,55.72,32.64
2017-09-02,58.0557,68.9992,2460.84,55.78,32.66
2017-09-03,,,,,
2017-09-04,,,,,
2017-09-05,57.7817,68.7256,2479.32,56.15,33.07
2017-09-06,57.8503,68.7782,2475.84,56.67,33.26
2017-09-07,57.3387,68.4165,2470.54,56.19,32.76
2017-09-08,57.1411,68.2436,2462.58,56.47,32.68
2017-09-09,56.9966,68.6923,2475.5,56.04,33.37
2017-09-10,,,,,
2017-09-11,,,,,
2017-09-12,57.1694,68.649,2460.67,56.35,32.81
2017-09-13,57.2656,68.5469,2441.8,56.43,32.68
2017-09-14,57.6679,69.0977,2470.08,56.45,33.21
2017-09-15,57.7706,68.695,2457.3,56.28,32.97
2017-09-16,57.5336,68.5801,2450.91,55.03,32.74
2017-09-17,,,,,
2017-09-18,,,,,
2017-09-19,57.6242,68.7514,2435.14,55.71,32.48
2017-09-20,58.0993,69.6785,2444.1,55.91,32.04
2017-09-21,58.129,69.7664,2457.4,55.94,32.48
2017-09-22,58.2242,69.2635,2428.57,55.6,31.73
2017-09-23,57.6527,69.0737,2404.09,53.16,31.46
2017-09-24,,,,,
2017-09-25,,,,,
2017-09-26,57.566,68.5553,2397.7,52.38,31.37
2017-09-27,57.5186,68.0215,2416.8,51.27,31.46
2017-09-28,58.0102,68.1678,2408.36,50.99,31.5
2017-09-29,58.4255,68.6441,2412.46,51.33,31.6
2017-09-30,58.0169,68.4483,2400.53,51.84,31.45
2017-10-01,,,,,
2017-10-02,,,,,
2017-10-03,57.8134,67.9076,2366.37,52.0,30.82
2017-10-04,57.9375,67.9839,2366.97,51.74,30.94
2017-10-05,57.7832,67.9357,2369.68,51.67,31.26
2017-10-06,57.5811,67.7787,2366.67,51.68,30.84
2017-10-07,57.7612,67.5344,2355.13,51.72,30.87
2017-10-08,,,,,
2017-10-09,,,,,
2017-10-10,58.3151,68.3861,2403.87,50.85,31.72
2017-10-11,58.0713,68.3557,2407.73,50.68,31.96
2017-10-12,57.92100000000001,68.5032,2402.61,50.51,31.94
2017-10-13,57.6869,68.4455,2400.78,50.97,31.89
2017-10-14,57.6196,68.1409,2396.96,51.12,31.86
2017-10-15,,,,,
2017-10-16,,,,,
2017-10-17,57.0861,67.2988,2395.42,50.94,31.95
2017-10-18,57.3392,67.4596,2377.56,51.42,31.54
2017-10-19,57.2721,67.3577,2358.11,52.55,31.21
2017-10-20,57.5706,67.9333,2375.49,53.07,31.51
2017-10-21,57.5118,67.8927,2367.24,53.62,31.57
2017-10-22,,,,,
2017-10-23,,,,,
2017-10-24,57.4706,67.5567,2356.31,53.48,31.4
2017-10-25,57.5852,67.6856,2366.65,53.1,31.54
2017-10-26,57.614,67.7713,2358.02,54.26,31.29
2017-10-27,57.7643,68.289,2373.46,54.01,31.52
2017-10-28,58.0833,67.5276,2367.52,54.9,31.22
2017-10-29,,,,,
2017-10-30,,,,,
2017-10-31,57.8716,67.2179,2368.1,55.26,31.11
2017-11-01,58.1179,67.6434,2381.26,55.42,31.27
2017-11-02,58.1557,67.7107,2391.87,56.0,31.45
2017-11-03,58.0869,67.67699999999999,2383.72,56.29,31.64
2017-11-04,58.4296,68.0822,2395.72,55.62,32.09
2017-11-05,,,,,
2017-11-06,,,,,
2017-11-07,,,,,
2017-11-08,58.4557,67.7677,2398.76,55.64,31.79
2017-11-09,59.248000000000005,68.704,2442.51,55.67,32.39
2017-11-10,59.2527,68.7865,2446.04,55.48,32.38
2017-11-11,59.2808,68.9791,2448.06,54.82,32.59
2017-11-12,,,,,
2017-11-13,,,,,
2017-11-14,59.1823,68.9178,2432.48,53.08,32.35
2017-11-15,59.6207,69.6787,2441.49,52.99,32.44
2017-11-16,60.248999999999995,71.1721,2490.46,52.05,32.8
2017-11-17,59.9898,70.704,2464.32,52.2,33.01
2017-11-18,59.6325,70.3604,2461.43,51.61,32.67
2017-11-19,,,,,
2017-11-20,,,,,
2017-11-21,59.2746,69.6654,2462.86,52.42,32.56
2017-11-22,59.4604,69.8184,2446.97,52.07,32.78
2017-11-23,59.0061,69.403,2435.77,52.07,32.25
2017-11-24,58.4622,69.1783,2424.97,51.89,31.89
2017-11-25,58.5318,69.3309,2425.97,51.85,32.17
2017-11-26,,,,,
2017-11-27,,,,,
2017-11-28,58.2773,69.4957,2425.82,51.46,31.95
2017-11-29,58.4125,69.4934,2429.95,51.13,32.11
2017-11-30,58.3311,69.204,2428.34,50.62,32.01
2017-12-01,58.5814,69.5185,2414.85,48.35,31.82
2017-12-02,58.5182,69.7478,2403.02,49.47,31.17
2017-12-03,,,,,
2017-12-04,,,,,
2017-12-05,58.9911,69.9104,2425.95,49.45,31.14
2017-12-06,58.6924,69.6327,2407.63,49.45,30.81
2017-12-07,58.9281,69.706,2403.37,48.99,30.85
2017-12-08,59.2948,69.9323,2395.93,50.28,30.72
2017-12-09,59.2811,69.6434,2374.5,50.77,30.32
2017-12-10,,,,,
2017-12-11,,,,,
2017-12-12,59.2348,69.8023,2383.22,50.91,30.14
2017-12-13,58.836999999999996,69.2982,2352.08,50.76,29.95
2017-12-14,59.1446,69.4653,2360.95,51.8,30.01
2017-12-15,58.7082,69.4048,2369.96,51.23,29.64
2017-12-16,58.8987,69.4298,2380.77,52.09,30.32
2017-12-17,,,,,
2017-12-18,,,,,
2017-12-19,58.693999999999996,69.0946,2375.14,52.5,30.16
2017-12-20,58.6117,69.1735,2380.2,53.8,30.32
2017-12-21,58.717,69.5033,2389.85,54.01,30.5
2017-12-22,58.5596,69.52199999999999,2383.26,53.74,30.47
2017-12-23,58.3152,69.1268,2377.44,54.16,30.27
2017-12-24,,,,,
2017-12-25,,,,,
2017-12-26,58.1989,69.0937,2372.69,53.86,30.27
2017-12-27,57.7343,68.5422,2353.75,51.64,30.02
2017-12-28,57.4544,68.2328,2374.39,52.58,29.88
2017-12-29,57.6291,68.7861,2393.1,52.62,30.57
2017-12-30,57.6002,68.8668,2400.97,52.56,31.0
2017-12-31,,,,,
